timestamp,object_x,object_y,contour_area
2026-09-05-20-29-34.739794,96,43,16851.0
2026-09-05-20-29-34.765788,121,63,32152.5
2026-09-05-20-29-34.799649,121,63,32140.0
2026-09-05-20-29-34.832446,122,64,33187.5
2026-09-05-20-29-34.876039,123,64,33425.0
2026-09-05-20-29-34.891738,125,66,34638.5
2026-09-05-20-29-34.933541,126,66,34883.5
2026-09-05-20-29-34.968454,126,67,35491.0
2026-09-05-20-29-35.000823,127,67,35963.5
2026-09-05-20-29-35.026682,127,67,35882.0
2026-09-05-20-29-35.061585,127,67,35788.5
2026-09-05-20-29-35.104122,127,67,35951.5
2026-09-05-20-29-35.136987,127,67,35991.5
2026-09-05-20-29-35.171754,127,67,36111.5
2026-09-05-20-29-35.202826,128,67,36293.0
2026-09-05-20-29-35.240052,127,67,36201.0
2026-09-05-20-29-35.271091,128,67,36300.0
2026-09-05-20-29-35.312555,127,67,36172.0
2026-09-05-20-29-35.344989,128,67,36264.0
2026-09-05-20-29-35.376978,128,67,36211.5
2026-09-05-20-29-35.408946,128,67,36394.0
2026-09-05-20-29-35.449006,127,67,36225.0
2026-09-05-20-29-35.477145,128,68,36450.5
2026-09-05-20-29-35.507973,128,68,36437.5
2026-09-05-20-29-35.550672,128,68,36501.5
2026-09-05-20-29-35.581403,128,68,36498.5
2026-09-05-20-29-35.612976,128,67,36414.0
2026-09-05-20-29-35.651065,128,68,36496.5
2026-09-05-20-29-35.684089,128,67,36448.5
2026-09-05-20-29-35.717651,128,68,36441.0
2026-09-05-20-29-35.751113,128,68,36440.5
2026-09-05-20-29-35.782293,128,67,36437.5
2026-09-05-20-29-35.817374,128,68,36447.5
2026-09-05-20-29-35.851758,128,67,36372.5
2026-09-05-20-29-35.882287,127,67,36229.0
2026-09-05-20-29-35.919670,127,67,36209.5
2026-09-05-20-29-35.952884,128,67,36320.0
2026-09-05-20-29-35.984884,128,68,36547.0
2026-09-05-20-29-36.022289,128,68,36478.0
2026-09-05-20-29-36.060914,128,67,36341.0
2026-09-05-20-29-36.089532,128,67,36324.5
2026-09-05-20-29-36.119462,128,67,36390.5
2026-09-05-20-29-36.160531,128,67,36319.5
2026-09-05-20-29-36.192023,128,67,36392.5
2026-09-05-20-29-36.224862,128,67,36432.0
2026-09-05-20-29-36.256850,128,67,36375.5
2026-09-05-20-29-36.298370,128,67,36267.0
2026-09-05-20-29-36.327987,128,67,36466.5
2026-09-05-20-29-36.364625,127,67,36208.5
2026-09-05-20-29-36.396075,128,67,36360.0
2026-09-05-20-29-36.427140,128,67,36283.5
2026-09-05-20-29-36.459894,128,67,36259.0
2026-09-05-20-29-36.496846,128,67,36413.0
2026-09-05-20-29-36.528843,127,67,36172.0
2026-09-05-20-29-36.560519,128,68,36362.0
2026-09-05-20-29-36.599196,128,67,36524.5
2026-09-05-20-29-36.632211,128,67,36498.0
2026-09-05-20-29-36.666602,128,68,36519.0
2026-09-05-20-29-36.699478,128,67,36355.5
2026-09-05-20-29-36.736790,129,68,36657.5
2026-09-05-20-29-36.770559,128,67,36452.5
2026-09-05-20-29-36.802714,128,67,36484.0
2026-09-05-20-29-36.834864,129,69,37318.0
2026-09-05-20-29-36.871924,130,69,37670.5
2026-09-05-20-29-36.912462,130,69,38008.0
2026-09-05-20-29-36.939359,131,69,38119.5
2026-09-05-20-29-36.973615,131,69,38128.5
2026-09-05-20-29-37.008690,130,70,38204.0
2026-09-05-20-29-37.040761,130,70,38232.5
2026-09-05-20-29-37.072764,131,70,38743.5
2026-09-05-20-29-37.097499,132,70,38962.5
2026-09-05-20-29-37.133996,134,72,40907.0
2026-09-05-20-29-37.176220,134,73,41192.5
2026-09-05-20-29-37.212215,135,74,41947.5
2026-09-05-20-29-37.243595,136,74,42532.0
2026-09-05-20-29-37.279512,140,76,44685.0
2026-09-05-20-29-37.315039,141,77,45397.5
2026-09-05-20-29-37.349333,142,78,46318.0
2026-09-05-20-29-37.381973,143,78,46740.5
2026-09-05-20-29-37.415644,144,79,47630.5
2026-09-05-20-29-37.447260,146,80,48871.5
2026-09-05-20-29-37.474947,147,81,49617.0
2026-09-05-20-29-37.517774,148,81,50221.5
2026-09-05-20-29-37.552552,148,81,50233.5
2026-09-05-20-29-37.584144,149,82,50587.0
2026-09-05-20-29-37.620612,149,82,50649.0
2026-09-05-20-29-37.651255,149,82,50637.0
2026-09-05-20-29-37.685782,149,82,50664.0
2026-09-05-20-29-37.716473,149,82,50958.0
2026-09-05-20-29-37.755837,150,82,51505.0
2026-09-05-20-29-37.789627,151,83,51846.0
2026-09-05-20-29-37.824693,151,83,51914.0
2026-09-05-20-29-37.856463,153,84,53361.5
2026-09-05-20-29-37.900989,154,85,53888.0
2026-09-05-20-29-37.932016,153,85,54002.0
2026-09-05-20-29-37.966392,154,85,54314.5
2026-09-05-20-29-37.998700,154,85,54214.0
2026-09-05-20-29-38.031941,154,86,54461.0
2026-09-05-20-29-38.064261,154,86,54675.5
2026-09-05-20-29-38.096662,154,86,54598.0
2026-09-05-20-29-38.135783,155,86,55023.0
2026-09-05-20-29-38.166333,155,86,55023.5
2026-09-05-20-29-38.197519,155,86,55156.0
2026-09-05-20-29-38.234746,155,86,55148.5
2026-09-05-20-29-38.267056,156,86,55553.0
2026-09-05-20-29-38.302038,156,87,55737.0
2026-09-05-20-29-38.333323,156,87,56056.5
2026-09-05-20-29-38.371397,156,87,56098.5
2026-09-05-20-29-38.403528,157,87,56436.0
2026-09-05-20-29-38.435962,157,87,56517.5
2026-09-05-20-29-38.467400,157,87,56591.5
2026-09-05-20-29-38.498540,158,88,57140.0
2026-09-05-20-29-38.536746,159,89,57786.5
2026-09-05-20-29-38.563692,161,90,59489.5
2026-09-05-20-29-38.606103,162,91,60407.5
2026-09-05-20-29-38.638235,165,94,62603.0
2026-09-05-20-29-38.672599,163,95,62265.5
2026-09-05-20-29-38.709608,164,95,63091.5
2026-09-05-20-29-38.740371,164,94,62966.5
2026-09-05-20-29-38.777344,164,92,62919.0
2026-09-05-20-29-38.808186,167,93,63977.0
2026-09-05-20-29-38.834544,160,171,90421.0
2026-09-05-20-29-38.867909,162,171,92242.0
2026-09-05-20-29-38.913800,173,97,67791.0
2026-09-05-20-29-38.944787,177,98,69786.5
2026-09-05-20-29-38.977744,178,99,70439.5
2026-09-05-20-29-39.003853,178,99,70916.5
2026-09-05-20-29-39.047956,179,99,71087.5
2026-09-05-20-29-39.079676,180,100,71576.0
2026-09-05-20-29-39.116904,179,100,71614.5
2026-09-05-20-29-39.150739,180,100,71710.0
2026-09-05-20-29-39.182280,181,101,72590.5
2026-09-05-20-29-39.216044,181,101,73108.0
2026-09-05-20-29-39.248513,349,320,74445.5
2026-09-05-20-29-39.276909,350,319,77356.0
2026-09-05-20-29-39.315686,351,318,79716.0
2026-09-05-20-29-39.360520,351,317,81464.0
2026-09-05-20-29-39.387739,351,316,82714.5
2026-09-05-20-29-39.418483,273,215,158655.0
2026-09-05-20-29-39.453191,273,216,159575.0
2026-09-05-20-29-39.487135,353,315,85988.5
2026-09-05-20-29-39.520106,275,216,161600.5
2026-09-05-20-29-39.556390,354,315,86965.0
2026-09-05-20-29-39.588116,276,217,163071.5
2026-09-05-20-29-39.615130,276,217,163678.0
2026-09-05-20-29-39.647581,276,217,164855.5
2026-09-05-20-29-39.696478,277,217,165867.0
2026-09-05-20-29-39.723465,278,216,168234.0
2026-09-05-20-29-39.765213,278,215,169468.0
2026-09-05-20-29-39.798464,356,314,80795.0
2026-09-05-20-29-39.827520,356,314,80795.0
2026-09-05-20-29-39.862273,353,314,77947.5
2026-09-05-20-29-39.894340,353,314,77947.5
2026-09-05-20-29-39.935344,350,314,75129.5
2026-09-05-20-29-39.974516,345,313,71657.0
2026-09-05-20-29-40.003600,345,313,71657.0
2026-09-05-20-29-40.034935,177,99,69801.0
2026-09-05-20-29-40.066854,177,99,69801.0
2026-09-05-20-29-40.101823,177,99,69601.5
2026-09-05-20-29-40.134499,177,99,69601.5
2026-09-05-20-29-40.175203,176,98,69218.0
2026-09-05-20-29-40.206571,177,99,69930.0
2026-09-05-20-29-40.238875,177,99,69930.0
2026-09-05-20-29-40.272440,178,99,70268.5
2026-09-05-20-29-40.311214,178,99,70268.5
2026-09-05-20-29-40.348921,179,99,70786.5
2026-09-05-20-29-40.377424,179,99,70786.5
2026-09-05-20-29-40.411478,179,99,71256.5
2026-09-05-20-29-40.448912,179,99,71143.5
2026-09-05-20-29-40.474034,179,99,71143.5
2026-09-05-20-29-40.515013,180,99,71411.5
2026-09-05-20-29-40.539036,180,99,71411.5
2026-09-05-20-29-40.581696,180,99,71389.0
2026-09-05-20-29-40.624349,180,99,71389.0
2026-09-05-20-29-40.656342,179,99,71097.5
2026-09-05-20-29-40.688338,179,99,71097.5
2026-09-05-20-29-40.724135,166,175,99285.5
2026-09-05-20-29-40.763825,166,175,99285.5
2026-09-05-20-29-40.798886,165,177,99049.5
2026-09-05-20-29-40.825948,164,178,99120.5
2026-09-05-20-29-40.858027,164,178,99120.5
2026-09-05-20-29-40.897545,175,97,68862.5
2026-09-05-20-29-40.927586,175,97,68862.5
2026-09-05-20-29-40.960629,173,96,68136.0
2026-09-05-20-29-40.998282,173,96,68136.0
2026-09-05-20-29-41.029150,174,96,68394.5
2026-09-05-20-29-41.064966,174,96,68394.5
2026-09-05-20-29-41.096837,210,215,126491.5
2026-09-05-20-29-41.134636,210,215,126491.5
2026-09-05-20-29-41.165852,172,186,111250.0
2026-09-05-20-29-41.202581,253,210,148496.5
2026-09-05-20-29-41.235417,253,210,148496.5
2026-09-05-20-29-41.266738,263,215,161566.5
2026-09-05-20-29-41.296267,263,215,161566.5
2026-09-05-20-29-41.334424,270,219,172041.5
2026-09-05-20-29-41.376286,270,219,172041.5
2026-09-05-20-29-41.392259,275,223,179795.0
2026-09-05-20-29-41.439075,275,223,179795.0
2026-09-05-20-29-41.471884,279,227,186183.5
2026-09-05-20-29-41.504447,283,229,191200.5
2026-09-05-20-29-41.529489,283,229,191200.5
2026-09-05-20-29-41.574191,285,232,195387.0
2026-09-05-20-29-41.607701,285,232,195387.0
2026-09-05-20-29-41.638862,287,234,198264.0
2026-09-05-20-29-41.677473,287,234,198264.0
2026-09-05-20-29-41.712246,289,236,201194.5
2026-09-05-20-29-41.744243,290,237,202882.5
2026-09-05-20-29-41.776240,290,237,202882.5
2026-09-05-20-29-41.816751,290,238,204639.5
2026-09-05-20-29-41.847639,290,238,204639.5
2026-09-05-20-29-41.879001,291,238,204954.0
2026-09-05-20-29-41.915605,291,238,204954.0
2026-09-05-20-29-41.948305,291,239,205015.5
2026-09-05-20-29-41.979825,291,239,205015.5
2026-09-05-20-29-42.012129,291,239,204971.0
2026-09-05-20-29-42.051752,291,239,204443.0
2026-09-05-20-29-42.077098,291,239,204443.0
2026-09-05-20-29-42.112726,291,239,204959.0
2026-09-05-20-29-42.149728,291,239,204959.0
2026-09-05-20-29-42.181462,291,238,208075.0
2026-09-05-20-29-42.214793,291,238,208075.0
2026-09-05-20-29-42.248145,292,238,209849.5
2026-09-05-20-29-42.285628,292,238,209849.5
2026-09-05-20-29-42.316759,292,237,211272.5
2026-09-05-20-29-42.357566,292,237,211272.5
2026-09-05-20-29-42.383504,292,237,211800.0
2026-09-05-20-29-42.429030,293,237,212454.0
2026-09-05-20-29-42.455642,293,237,212454.0
2026-09-05-20-29-42.486461,293,237,213344.5
2026-09-05-20-29-42.518724,293,237,213344.5
2026-09-05-20-29-42.560126,293,237,213801.5
2026-09-05-20-29-42.592119,293,237,213801.5
2026-09-05-20-29-42.624120,294,238,215344.0
2026-09-05-20-29-42.672110,295,238,215818.0
2026-09-05-20-29-42.733435,295,238,215840.0
2026-09-05-20-29-42.749754,295,238,215840.0
2026-09-05-20-29-42.798074,295,238,215732.5
2026-09-05-20-29-42.829789,295,238,215732.5
2026-09-05-20-29-42.864116,296,237,214819.0
2026-09-05-20-29-42.896422,296,237,214819.0
2026-09-05-20-29-42.928882,297,236,212783.5
2026-09-05-20-29-42.971184,299,241,217834.0
2026-09-05-20-29-42.988471,299,241,217834.0
2026-09-05-20-29-43.038482,299,242,217093.0
2026-09-05-20-29-43.064743,299,242,217093.0
2026-09-05-20-29-43.097490,299,242,215753.5
2026-09-05-20-29-43.132234,299,242,215753.5
2026-09-05-20-29-43.164693,299,242,216094.0
2026-09-05-20-29-43.214685,299,242,216563.0
2026-09-05-20-29-43.240589,299,242,216563.0
2026-09-05-20-29-43.281331,299,243,216769.0
2026-09-05-20-29-43.309120,299,243,216769.0
2026-09-05-20-29-43.343624,299,243,217587.5
2026-09-05-20-29-43.376030,299,243,217587.5
2026-09-05-20-29-43.414660,299,244,219506.0
2026-09-05-20-29-43.447989,299,244,219506.0
2026-09-05-20-29-43.480579,300,245,219856.0
2026-09-05-20-29-43.511209,300,245,219856.0
2026-09-05-20-29-43.546972,300,245,220048.5
2026-09-05-20-29-43.581305,299,245,219636.5
2026-09-05-20-29-43.614634,299,245,219636.5
2026-09-05-20-29-43.651068,299,245,219802.0
2026-09-05-20-29-43.681266,299,245,219802.0
2026-09-05-20-29-43.716820,299,245,219758.0
2026-09-05-20-29-43.747950,299,245,219758.0
2026-09-05-20-29-43.788294,299,245,219629.5
2026-09-05-20-29-43.816608,299,245,219629.5
2026-09-05-20-29-43.855133,298,245,219768.5
2026-09-05-20-29-43.888294,298,245,219768.5
2026-09-05-20-29-43.919685,211,215,158990.5
2026-09-05-20-29-43.950691,211,215,158990.5
2026-09-05-20-29-43.997415,212,216,159972.5
2026-09-05-20-29-44.022859,213,216,160416.0
2026-09-05-20-29-44.061290,213,216,160416.0
2026-09-05-20-29-44.092171,213,217,160358.0
2026-09-05-20-29-44.124433,213,217,160358.0
2026-09-05-20-29-44.164562,215,217,161131.5
2026-09-05-20-29-44.191325,215,217,161131.5
2026-09-05-20-29-44.233152,217,219,162093.5
2026-09-05-20-29-44.264549,219,222,163031.5
2026-09-05-20-29-44.296358,219,222,163031.5
2026-09-05-20-29-44.327550,223,224,165461.5
2026-09-05-20-29-44.364536,223,224,165461.5
2026-09-05-20-29-44.398423,229,226,169325.0
2026-09-05-20-29-44.431168,229,226,169325.0
2026-09-05-20-29-44.466232,236,228,173985.5
2026-09-05-20-29-44.496714,245,229,179244.5
2026-09-05-20-29-44.534905,245,229,179244.5
2026-09-05-20-29-44.568093,253,232,183945.0
2026-09-05-20-29-44.601552,253,232,183945.0
2026-09-05-20-29-44.632972,263,234,189487.0
2026-09-05-20-29-44.664757,263,234,189487.0
2026-09-05-20-29-44.703876,275,237,195207.0
2026-09-05-20-29-44.736881,275,237,195207.0
2026-09-05-20-29-44.771419,288,240,201189.5
2026-09-05-20-29-44.804347,299,243,206048.0
2026-09-05-20-29-44.837590,299,243,206048.0
2026-09-05-20-29-44.873091,303,243,204417.5
2026-09-05-20-29-44.904311,303,243,204417.5
2026-09-05-20-29-44.938452,303,242,199743.5
2026-09-05-20-29-44.973465,303,242,199743.5
2026-09-05-20-29-45.005712,303,239,194022.0
2026-09-05-20-29-45.031087,303,239,194022.0
2026-09-05-20-29-45.074750,302,238,190068.5
2026-09-05-20-29-45.112067,302,238,190068.5
2026-09-05-20-29-45.139527,340,208,154940.0
2026-09-05-20-29-45.179892,340,208,154940.0
2026-09-05-20-29-45.205493,197,103,81818.0
2026-09-05-20-29-45.244311,342,210,154459.0
2026-09-05-20-29-45.277989,342,210,154459.0
2026-09-05-20-29-45.311808,343,212,155422.5
2026-09-05-20-29-45.343804,343,212,155422.5
2026-09-05-20-29-45.381070,344,212,156000.5
2026-09-05-20-29-45.432790,345,211,154717.0
2026-09-05-20-29-45.497726,349,207,150571.0
2026-09-05-20-29-45.520084,349,207,150571.0
2026-09-05-20-29-45.565880,356,200,142156.0
2026-09-05-20-29-45.588525,356,200,142156.0
2026-09-05-20-29-45.629671,367,192,132244.5
2026-09-05-20-29-45.663940,367,192,132244.5
2026-09-05-20-29-45.690561,510,271,72776.0
2026-09-05-20-29-45.734482,516,263,70348.0
2026-09-05-20-29-45.756997,516,263,70348.0
2026-09-05-20-29-45.799885,524,260,66918.0
2026-09-05-20-29-45.824849,524,260,66918.0
2026-09-05-20-29-45.855746,533,260,62415.5
2026-09-05-20-29-45.892356,533,260,62415.5
2026-09-05-20-29-45.929766,539,258,59476.5
2026-09-05-20-29-45.975731,540,254,59206.5
2026-09-05-20-29-46.010118,540,254,59206.5
2026-09-05-20-29-46.048207,541,250,58728.5
2026-09-05-20-29-46.063719,541,250,58728.5
2026-09-05-20-29-46.100352,541,244,57940.0
2026-09-05-20-29-46.140895,541,244,57940.0
2026-09-05-20-29-46.177179,542,233,57360.0
2026-09-05-20-29-46.207707,542,233,57360.0
2026-09-05-20-29-46.236985,542,215,57110.5
2026-09-05-20-29-46.271697,542,215,57110.5
2026-09-05-20-29-46.305998,542,191,57406.0
2026-09-05-20-29-46.337940,542,191,57406.0
2026-09-05-20-29-46.372290,542,171,58451.5
2026-09-05-20-29-46.406481,542,159,58848.5
2026-09-05-20-29-46.440707,542,159,58848.5
2026-09-05-20-29-46.477043,541,155,58605.5
2026-09-05-20-29-46.511698,541,155,58605.5
2026-09-05-20-29-46.548252,541,153,58591.0
2026-09-05-20-29-46.576367,541,153,58591.0
2026-09-05-20-29-46.609411,539,152,59158.5
2026-09-05-20-29-46.642461,539,152,59158.5
2026-09-05-20-29-46.680876,538,152,59976.0
2026-09-05-20-29-46.714942,538,152,59976.0
2026-09-05-20-29-46.747541,537,152,60910.5
2026-09-05-20-29-46.779961,536,152,61461.0
2026-09-05-20-29-46.824263,536,152,61461.0
2026-09-05-20-29-46.847517,536,152,61985.0
2026-09-05-20-29-46.883684,536,152,61985.0
2026-09-05-20-29-46.911622,536,152,62009.5
2026-09-05-20-29-46.943620,536,152,62009.5
2026-09-05-20-29-46.983615,534,153,63154.5
2026-09-05-20-29-47.021868,534,154,63703.0
2026-09-05-20-29-47.053519,534,154,63703.0
2026-09-05-20-29-47.080822,533,154,64260.5
2026-09-05-20-29-47.117066,533,154,64260.5
2026-09-05-20-29-47.151595,532,155,65005.5
2026-09-05-20-29-47.187834,532,155,65005.5
2026-09-05-20-29-47.218844,530,155,66256.5
2026-09-05-20-29-47.254042,527,154,68394.0
2026-09-05-20-29-47.295606,527,154,68394.0
2026-09-05-20-29-47.327526,522,155,71931.0
2026-09-05-20-29-47.359571,522,155,71931.0
2026-09-05-20-29-47.391568,516,156,75927.0
2026-09-05-20-29-47.421847,516,156,75927.0
2026-09-05-20-29-47.456430,509,156,79586.5
2026-09-05-20-29-47.489815,509,156,79586.5
2026-09-05-20-29-47.526277,503,156,83036.5
2026-09-05-20-29-47.559737,503,156,83036.5
2026-09-05-20-29-47.592979,498,156,86031.5
2026-09-05-20-29-47.627878,494,157,89020.5
2026-09-05-20-29-47.659792,494,157,89020.5
2026-09-05-20-29-47.696284,490,159,91536.0
2026-09-05-20-29-47.727235,490,159,91536.0
2026-09-05-20-29-47.763926,487,162,94096.0
2026-09-05-20-29-47.793566,487,162,94096.0
2026-09-05-20-29-47.828764,485,163,95477.5
2026-09-05-20-29-47.863955,485,163,95477.5
2026-09-05-20-29-47.900678,484,165,95993.0
2026-09-05-20-29-47.931274,484,165,95993.0
2026-09-05-20-29-47.964067,485,165,95018.0
2026-09-05-20-29-47.997584,489,163,92359.0
2026-09-05-20-29-48.032668,489,163,92359.0
2026-09-05-20-29-48.067517,495,164,89290.5
2026-09-05-20-29-48.100358,495,164,89290.5
2026-09-05-20-29-48.133469,502,163,84799.5
2026-09-05-20-29-48.169257,502,163,84799.5
2026-09-05-20-29-48.201153,511,162,79643.5
2026-09-05-20-29-48.237725,511,162,79643.5
2026-09-05-20-29-48.271469,521,162,73491.5
2026-09-05-20-29-48.305409,532,162,66992.5
2026-09-05-20-29-48.337678,532,162,66992.5
2026-09-05-20-29-48.377409,542,162,60268.0
2026-09-05-20-29-48.403013,542,162,60268.0
2026-09-05-20-29-48.437669,551,163,53919.0
2026-09-05-20-29-48.475863,551,163,53919.0
2026-09-05-20-29-48.505719,208,250,48601.5
2026-09-05-20-29-48.539665,215,244,53060.0
2026-09-05-20-29-48.573878,215,244,53060.0
2026-09-05-20-29-48.611177,217,231,53911.0
2026-09-05-20-29-48.645014,217,231,53911.0
2026-09-05-20-29-48.671422,225,235,59398.0
2026-09-05-20-29-48.715306,225,235,59398.0
2026-09-05-20-29-48.747505,225,225,59199.0
2026-09-05-20-29-48.773400,225,225,59199.0
2026-09-05-20-29-48.807639,229,223,61264.5
2026-09-05-20-29-48.847911,232,221,62874.5
2026-09-05-20-29-48.880592,232,221,62874.5
2026-09-05-20-29-48.913915,234,219,64112.5
2026-09-05-20-29-48.950071,234,219,64112.5
2026-09-05-20-29-48.980603,239,225,67742.0
2026-09-05-20-29-49.017813,239,225,67742.0
2026-09-05-20-29-49.047240,342,209,97504.0
2026-09-05-20-29-49.113921,343,209,97411.0
2026-09-05-20-29-49.167365,343,209,97046.5
2026-09-05-20-29-49.197240,343,209,97046.5
2026-09-05-20-29-49.229240,344,210,96897.0
2026-09-05-20-29-49.263379,344,210,96897.0
2026-09-05-20-29-49.294780,239,224,67086.0
2026-09-05-20-29-49.327345,239,224,67086.0
2026-09-05-20-29-49.359346,238,225,66524.5
2026-09-05-20-29-49.394738,238,225,66524.5
2026-09-05-20-29-49.422651,236,227,65388.5
2026-09-05-20-29-49.463848,236,227,65388.5
2026-09-05-20-29-49.497939,234,228,63800.0
2026-09-05-20-29-49.530502,231,231,62113.5
2026-09-05-20-29-49.562303,231,231,62113.5
2026-09-05-20-29-49.598755,228,234,60203.0
2026-09-05-20-29-49.630710,228,234,60203.0
2026-09-05-20-29-49.663325,226,236,58320.0
2026-09-05-20-29-49.695304,226,236,58320.0
2026-09-05-20-29-49.737504,223,238,56556.5
2026-09-05-20-29-49.770408,220,240,55018.0
2026-09-05-20-29-49.800904,220,240,55018.0
2026-09-05-20-29-49.832474,218,242,53498.0
2026-09-05-20-29-49.866538,218,242,53498.0
2026-09-05-20-29-49.899985,216,244,52207.5
2026-09-05-20-29-49.933826,216,244,52207.5
2026-09-05-20-29-49.967157,214,246,51220.5
2026-09-05-20-29-50.009930,558,167,51240.5
2026-09-05-20-29-50.036535,558,167,51240.5
2026-09-05-20-29-50.071269,556,167,52006.0
2026-09-05-20-29-50.103641,556,167,52006.0
2026-09-05-20-29-50.135702,555,167,52813.5
2026-09-05-20-29-50.175275,555,167,52813.5
2026-09-05-20-29-50.200838,554,168,53216.5
2026-09-05-20-29-50.246946,554,168,53216.5
2026-09-05-20-29-50.271236,554,168,53028.0
2026-09-05-20-29-50.305576,554,168,53028.0
2026-09-05-20-29-50.347284,554,170,52827.5
2026-09-05-20-29-50.379038,554,177,52312.5
2026-09-05-20-29-50.404889,554,177,52312.5
2026-09-05-20-29-50.439807,555,181,50860.5
2026-09-05-20-29-50.477367,555,181,50860.5
2026-09-05-20-29-50.508107,556,181,49058.5
2026-09-05-20-29-50.546056,556,181,49058.5
2026-09-05-20-29-50.577793,203,270,47218.5
2026-09-05-20-29-50.610999,203,270,47218.5
2026-09-05-20-29-50.646837,559,182,45440.0
2026-09-05-20-29-50.679310,559,182,45440.0
2026-09-05-20-29-50.712027,560,183,43933.5
2026-09-05-20-29-50.748713,560,182,43045.0
2026-09-05-20-29-50.785889,560,182,43045.0
2026-09-05-20-29-50.814961,561,182,42466.0
2026-09-05-20-29-50.861170,561,182,42466.0
2026-09-05-20-29-50.884906,561,180,43103.0
2026-09-05-20-29-50.911163,561,180,43103.0
2026-09-05-20-29-50.943160,559,188,44850.5
2026-09-05-20-29-50.988594,559,188,44850.5
2026-09-05-20-29-51.012396,558,193,45159.0
2026-09-05-20-29-51.048969,558,191,44374.0
2026-09-05-20-29-51.083096,558,191,44374.0
2026-09-05-20-29-51.117397,559,187,43876.5
2026-09-05-20-29-51.150362,559,187,43876.5
2026-09-05-20-29-51.183229,559,185,43939.0
2026-09-05-20-29-51.216487,559,185,43939.0
2026-09-05-20-29-51.252072,559,184,44706.0
2026-09-05-20-29-51.285310,557,185,45727.5
2026-09-05-20-29-51.318534,557,185,45727.5
2026-09-05-20-29-51.351381,556,186,46775.0
2026-09-05-20-29-51.387562,556,186,46775.0
2026-09-05-20-29-51.423578,554,188,48061.0
2026-09-05-20-29-51.452660,554,188,48061.0
2026-09-05-20-29-51.489999,553,193,49137.5
2026-09-05-20-29-51.525022,553,193,49137.5
2026-09-05-20-29-51.563781,551,197,49812.0
2026-09-05-20-29-51.587192,550,199,50220.5
2026-09-05-20-29-51.624238,550,199,50220.5
2026-09-05-20-29-51.662144,549,201,50572.0
2026-09-05-20-29-51.695110,549,201,50572.0
2026-09-05-20-29-51.726308,549,203,50949.5
2026-09-05-20-29-51.763571,549,203,50949.5
2026-09-05-20-29-51.796172,548,206,51362.0
2026-09-05-20-29-51.827914,548,206,51362.0
2026-09-05-20-29-51.863128,547,209,51639.0
2026-09-05-20-29-51.897712,547,209,51639.0
2026-09-05-20-29-51.930219,547,212,52011.5
2026-09-05-20-29-51.963744,547,212,52011.5
2026-09-05-20-29-52.000731,546,216,52320.0
2026-09-05-20-29-52.036342,546,221,52675.0
2026-09-05-20-29-52.066912,546,221,52675.0
2026-09-05-20-29-52.100910,545,229,52945.5
2026-09-05-20-29-52.134913,545,229,52945.5
2026-09-05-20-29-52.165238,544,241,52986.0
2026-09-05-20-29-52.201804,544,241,52986.0
2026-09-05-20-29-52.234231,194,70,57108.5
2026-09-05-20-29-52.274082,194,70,57108.5
2026-09-05-20-29-52.296809,200,77,64145.0
2026-09-05-20-29-52.337804,205,83,70792.0
2026-09-05-20-29-52.377050,205,83,70792.0
2026-09-05-20-29-52.400190,208,89,76798.5
2026-09-05-20-29-52.445404,208,89,76798.5
2026-09-05-20-29-52.474720,341,173,134960.5
2026-09-05-20-29-52.501629,341,173,134960.5
2026-09-05-20-29-52.537240,338,176,139075.0
2026-09-05-20-29-52.576783,336,177,142679.0
2026-09-05-20-29-52.604541,336,177,142679.0
2026-09-05-20-29-52.636451,335,178,144851.5
2026-09-05-20-29-52.675213,335,178,144851.5
2026-09-05-20-29-52.708794,333,179,146104.5
2026-09-05-20-29-52.745930,333,179,146104.5
2026-09-05-20-29-52.778054,219,106,95893.5
2026-09-05-20-29-52.814664,219,107,96287.0
2026-09-05-20-29-52.846623,219,107,96287.0
2026-09-05-20-29-52.885185,219,107,96644.0
2026-09-05-20-29-52.912490,219,107,96644.0
2026-09-05-20-29-52.952257,218,107,96333.0
2026-09-05-20-29-52.983349,218,107,96333.0
2026-09-05-20-29-53.014801,218,107,96013.5
2026-09-05-20-29-53.073671,221,106,97322.0
2026-09-05-20-29-53.098249,221,106,97322.0
2026-09-05-20-29-53.145190,332,177,146561.0
2026-09-05-20-29-53.191378,302,213,178012.5
2026-09-05-20-29-53.216173,302,213,178012.5
2026-09-05-20-29-53.255906,302,212,174969.5
2026-09-05-20-29-53.284629,302,212,174969.5
2026-09-05-20-29-53.325302,304,209,169054.0
2026-09-05-20-29-53.342883,304,209,169054.0
2026-09-05-20-29-53.383265,306,206,162224.5
2026-09-05-20-29-53.416133,306,206,162224.5
2026-09-05-20-29-53.444970,355,148,113629.5
2026-09-05-20-29-53.493767,364,142,104466.5
2026-09-05-20-29-53.516074,364,142,104466.5
2026-09-05-20-29-53.556839,205,56,48354.0
2026-09-05-20-29-53.580267,205,56,48354.0
2026-09-05-20-29-53.626178,550,198,48495.5
2026-09-05-20-29-53.657203,550,198,48495.5
2026-09-05-20-29-53.695185,548,176,49815.5
2026-09-05-20-29-53.724517,548,176,49815.5
2026-09-05-20-29-53.746620,546,151,51216.5
2026-09-05-20-29-53.798589,544,138,47986.0
2026-09-05-20-29-53.822830,544,138,47986.0
2026-09-05-20-29-53.866086,543,129,44816.5
2026-09-05-20-29-53.890062,543,129,44816.5
2026-09-05-20-29-53.925480,541,122,42702.5
2026-09-05-20-29-53.957990,541,122,42702.5
2026-09-05-20-29-53.997147,539,117,41475.0
2026-09-05-20-29-54.044872,538,114,41051.0
2026-09-05-20-29-54.067167,538,114,41051.0
2026-09-05-20-29-54.102679,536,113,41413.0
2026-09-05-20-29-54.131611,536,113,41413.0
2026-09-05-20-29-54.166004,535,113,41996.5
2026-09-05-20-29-54.199081,535,113,41996.5
2026-09-05-20-29-54.232841,534,114,42898.5
2026-09-05-20-29-54.272645,534,114,42898.5
2026-09-05-20-29-54.295893,533,115,43834.5
2026-09-05-20-29-54.336804,533,115,43834.5
2026-09-05-20-29-54.372741,533,117,44752.0
2026-09-05-20-29-54.406408,533,118,45300.0
2026-09-05-20-29-54.435905,533,118,45300.0
2026-09-05-20-29-54.470761,533,119,45625.5
2026-09-05-20-29-54.506080,533,119,45625.5
2026-09-05-20-29-54.542773,533,119,45726.5
2026-09-05-20-29-54.574770,533,119,45726.5
2026-09-05-20-29-54.604959,533,120,45729.0
2026-09-05-20-29-54.643507,533,120,45729.0
2026-09-05-20-29-54.674934,534,121,46014.0
2026-09-05-20-29-54.713187,534,121,46014.0
2026-09-05-20-29-54.736744,534,122,46599.5
2026-09-05-20-29-54.771138,533,123,47783.5
2026-09-05-20-29-54.813179,533,123,47783.5
2026-09-05-20-29-54.846503,532,126,49780.5
2026-09-05-20-29-54.877912,532,126,49780.5
2026-09-05-20-29-54.910924,531,130,52228.5
2026-09-05-20-29-54.946337,531,130,52228.5
2026-09-05-20-29-54.980271,529,134,55574.5
2026-09-05-20-29-55.013148,529,134,55574.5
2026-09-05-20-29-55.048497,527,137,58778.0
2026-09-05-20-29-55.080075,525,139,61053.0
2026-09-05-20-29-55.114895,525,139,61053.0
2026-09-05-20-29-55.148473,524,141,62287.5
2026-09-05-20-29-55.181383,524,141,62287.5
2026-09-05-20-29-55.222937,524,141,62780.5
2026-09-05-20-29-55.246422,524,141,62780.5
2026-09-05-20-29-55.286904,524,141,62757.0
2026-09-05-20-29-55.318087,524,141,62599.0
2026-09-05-20-29-55.356086,524,141,62599.0
2026-09-05-20-29-55.379867,524,140,62218.0
2026-09-05-20-29-55.418274,524,140,62218.0
2026-09-05-20-29-55.456921,524,140,62150.0
2026-09-05-20-29-55.482577,524,140,62150.0
2026-09-05-20-29-55.516116,524,139,61973.0
2026-09-05-20-29-55.555129,524,139,61973.0
2026-09-05-20-29-55.596368,524,139,61863.5
2026-09-05-20-29-55.628658,524,139,61836.5
2026-09-05-20-29-55.662259,524,139,61836.5
2026-09-05-20-29-55.692743,524,139,61816.0
2026-09-05-20-29-55.729722,524,139,61816.0
2026-09-05-20-29-55.757545,524,139,61758.5
2026-09-05-20-29-55.790604,524,139,61758.5
2026-09-05-20-29-55.832484,524,139,61739.5
2026-09-05-20-29-55.865202,524,139,61739.5
2026-09-05-20-29-55.898080,524,139,61685.0
2026-09-05-20-29-55.929696,524,139,61685.0
2026-09-05-20-29-55.963024,524,139,61537.5
2026-09-05-20-29-55.999159,524,138,61069.5
2026-09-05-20-29-56.031307,524,138,61069.5
2026-09-05-20-29-56.077845,526,138,59829.0
2026-09-05-20-29-56.099019,526,138,59829.0
2026-09-05-20-29-56.131593,530,138,57496.5
2026-09-05-20-29-56.166344,530,138,57496.5
2026-09-05-20-29-56.199670,535,139,54047.0
2026-09-05-20-29-56.234857,535,139,54047.0
2026-09-05-20-29-56.267622,543,140,49985.0
2026-09-05-20-29-56.300751,178,245,47139.5
2026-09-05-20-29-56.334701,178,245,47139.5
2026-09-05-20-29-56.368056,183,240,52239.5
2026-09-05-20-29-56.401388,183,240,52239.5
2026-09-05-20-29-56.434576,185,224,53861.5
2026-09-05-20-29-56.468321,185,224,53861.5
2026-09-05-20-29-56.500071,192,218,57968.5
2026-09-05-20-29-56.543030,192,218,57968.5
2026-09-05-20-29-56.574541,197,197,67019.0
2026-09-05-20-29-56.609322,205,207,65559.0
2026-09-05-20-29-56.640486,205,207,65559.0
2026-09-05-20-29-56.679597,210,203,68619.5
2026-09-05-20-29-56.705403,210,203,68619.5
2026-09-05-20-29-56.746255,214,201,70912.5
2026-09-05-20-29-56.779780,214,201,70912.5
2026-09-05-20-29-56.812176,218,199,72861.5
2026-09-05-20-29-56.850775,220,199,74515.0
2026-09-05-20-29-56.881432,220,199,74515.0
2026-09-05-20-29-56.910475,221,199,75485.5
2026-09-05-20-29-56.949480,221,199,75485.5
2026-09-05-20-29-56.979533,222,199,75942.5
2026-09-05-20-29-57.015737,222,199,75942.5
2026-09-05-20-29-57.048443,223,199,76040.0
2026-09-05-20-29-57.106513,223,200,75893.5
2026-09-05-20-29-57.179536,224,199,74344.0
2026-09-05-20-29-57.200429,224,199,74344.0
2026-09-05-20-29-57.233475,221,201,75516.5
2026-09-05-20-29-57.267430,221,201,75516.5
2026-09-05-20-29-57.300716,218,203,74749.5
2026-09-05-20-29-57.335734,218,203,74749.5
2026-09-05-20-29-57.367976,211,190,80097.0
2026-09-05-20-29-57.402642,211,190,80097.0
2026-09-05-20-29-57.436361,205,191,78922.5
2026-09-05-20-29-57.469423,205,191,78922.5
2026-09-05-20-29-57.504643,200,200,82511.5
2026-09-05-20-29-57.543696,192,204,79861.0
2026-09-05-20-29-57.566398,192,204,79861.0
2026-09-05-20-29-57.604659,183,210,78489.5
2026-09-05-20-29-57.646341,183,210,78489.5
2026-09-05-20-29-57.672467,176,214,75228.0
2026-09-05-20-29-57.706740,176,214,75228.0
2026-09-05-20-29-57.742381,171,221,71808.5
2026-09-05-20-29-57.779428,171,221,71808.5
2026-09-05-20-29-57.804886,169,254,58186.0
2026-09-05-20-29-57.846112,533,138,55145.0
2026-09-05-20-29-57.873131,533,138,55145.0
2026-09-05-20-29-57.912597,527,136,58173.5
2026-09-05-20-29-57.946706,527,136,58173.5
2026-09-05-20-29-57.979402,522,136,61217.0
2026-09-05-20-29-58.011810,522,136,61217.0
2026-09-05-20-29-58.042352,518,136,63972.5
2026-09-05-20-29-58.079415,515,136,66419.0
2026-09-05-20-29-58.112715,515,136,66419.0
2026-09-05-20-29-58.148749,513,137,68348.0
2026-09-05-20-29-58.179406,513,137,68348.0
2026-09-05-20-29-58.215577,511,137,69737.5
2026-09-05-20-29-58.248885,511,137,69737.5
2026-09-05-20-29-58.288152,510,137,70603.5
2026-09-05-20-29-58.320239,510,137,70603.5
2026-09-05-20-29-58.352842,465,124,80559.0
2026-09-05-20-29-58.379348,463,123,81182.5
2026-09-05-20-29-58.420269,463,123,81182.5
2026-09-05-20-29-58.456541,462,123,81240.5
2026-09-05-20-29-58.482703,462,123,81240.5
2026-09-05-20-29-58.519755,462,123,81018.0
2026-09-05-20-29-58.552642,462,123,81018.0
2026-09-05-20-29-58.586199,462,123,80812.0
2026-09-05-20-29-58.620649,462,123,80812.0
2026-09-05-20-29-58.654276,460,122,80652.5
2026-09-05-20-29-58.694508,460,122,80652.5
2026-09-05-20-29-58.718266,461,122,79697.5
2026-09-05-20-29-58.762852,461,122,79697.5
2026-09-05-20-29-58.795989,460,122,79804.5
2026-09-05-20-29-58.824600,514,138,68654.5
2026-09-05-20-29-58.862263,514,138,68654.5
2026-09-05-20-29-58.894273,514,138,68670.0
2026-09-05-20-29-58.926271,514,138,68670.0
2026-09-05-20-29-58.959285,514,138,68737.5
2026-09-05-20-29-58.995962,514,138,68737.5
2026-09-05-20-29-59.029291,514,139,68881.0
2026-09-05-20-29-59.063451,514,139,68854.5
2026-09-05-20-29-59.095950,514,139,68854.5
2026-09-05-20-29-59.129118,137,236,68289.0
2026-09-05-20-29-59.166218,137,236,68289.0
2026-09-05-20-29-59.202347,137,234,69027.0
2026-09-05-20-29-59.234780,137,234,69027.0
2026-09-05-20-29-59.268692,138,233,69990.0
2026-09-05-20-29-59.299240,138,233,69990.0
2026-09-05-20-29-59.335285,140,232,69997.5
2026-09-05-20-29-59.366238,143,231,70151.0
2026-09-05-20-29-59.397749,143,231,70151.0
2026-09-05-20-29-59.436815,146,229,69743.0
2026-09-05-20-29-59.464647,146,229,69743.0
2026-09-05-20-29-59.501124,148,227,69133.5
2026-09-05-20-29-59.534743,148,227,69133.5
2026-09-05-20-29-59.574137,149,224,68915.5
2026-09-05-20-29-59.599635,150,223,68878.0
2026-09-05-20-29-59.634677,150,223,68878.0
2026-09-05-20-29-59.669368,151,223,68836.0
2026-09-05-20-29-59.701827,151,223,68836.0
2026-09-05-20-29-59.736111,151,224,68804.0
2026-09-05-20-29-59.771371,151,224,68804.0
2026-09-05-20-29-59.809450,151,224,69085.5
2026-09-05-20-29-59.840542,151,224,69085.5
2026-09-05-20-29-59.876828,150,225,69114.0
2026-09-05-20-29-59.906428,150,225,69114.0
2026-09-05-20-29-59.940127,150,226,69391.0
2026-09-05-20-29-59.974470,150,226,69391.0
2026-09-05-20-30-00.006578,149,229,70298.0
2026-09-05-20-30-00.042202,147,232,72226.5
2026-09-05-20-30-00.076923,147,232,72226.5
2026-09-05-20-30-00.109731,143,234,75632.5
2026-09-05-20-30-00.143730,143,234,75632.5
2026-09-05-20-30-00.176821,310,194,152783.5
2026-09-05-20-30-00.211154,310,194,152783.5
2026-09-05-20-30-00.244696,309,193,166667.0
2026-09-05-20-30-00.282019,309,193,166667.0
2026-09-05-20-30-00.307588,306,197,182585.0
2026-09-05-20-30-00.360109,307,196,189210.0
2026-09-05-20-30-00.381218,307,196,189210.0
2026-09-05-20-30-00.412416,308,196,192870.5
2026-09-05-20-30-00.458196,308,196,192870.5
2026-09-05-20-30-00.480579,307,196,194359.0
2026-09-05-20-30-00.517724,307,196,194359.0
2026-09-05-20-30-00.543215,307,197,194261.5
2026-09-05-20-30-00.582374,306,197,193373.5
2026-09-05-20-30-00.616381,306,197,193373.5
2026-09-05-20-30-00.654044,305,197,191964.5
2026-09-05-20-30-00.686245,305,197,191964.5
2026-09-05-20-30-00.718714,302,198,188009.5
2026-09-05-20-30-00.773313,298,199,181776.0
2026-09-05-20-30-00.845725,298,197,170242.0
2026-09-05-20-30-00.867812,298,197,170242.0
2026-09-05-20-30-00.903212,297,197,159931.5
2026-09-05-20-30-00.933703,297,197,159931.5
2026-09-05-20-30-00.974042,296,196,153125.0
2026-09-05-20-30-01.000277,296,196,153125.0
2026-09-05-20-30-01.035856,147,230,91545.5
2026-09-05-20-30-01.074403,147,230,91545.5
2026-09-05-20-30-01.108560,147,230,90275.5
2026-09-05-20-30-01.145683,147,230,90275.5
2026-09-05-20-30-01.178290,147,231,89553.0
2026-09-05-20-30-01.206397,147,231,89201.0
2026-09-05-20-30-01.239436,147,231,89201.0
2026-09-05-20-30-01.280765,147,231,89020.0
2026-09-05-20-30-01.306021,147,231,89020.0
2026-09-05-20-30-01.341116,148,232,89506.0
2026-09-05-20-30-01.375751,148,232,89506.0
2026-09-05-20-30-01.409204,147,233,89639.5
2026-09-05-20-30-01.436165,147,233,89639.5
2026-09-05-20-30-01.480748,147,233,90410.5
2026-09-05-20-30-01.512288,147,233,90410.5
2026-09-05-20-30-01.540066,300,197,153359.0
2026-09-05-20-30-01.580638,301,197,158788.5
2026-09-05-20-30-01.620683,301,197,158788.5
2026-09-05-20-30-01.650393,301,197,163852.5
2026-09-05-20-30-01.682791,301,197,163852.5
2026-09-05-20-30-01.715262,302,197,167191.0
2026-09-05-20-30-01.741359,302,197,167191.0
2026-09-05-20-30-01.779409,301,198,170561.0
2026-09-05-20-30-01.821913,301,198,174162.5
2026-09-05-20-30-01.845565,301,198,174162.5
2026-09-05-20-30-01.878898,302,196,176290.5
2026-09-05-20-30-01.919939,302,196,176290.5
2026-09-05-20-30-01.945556,302,196,178504.0
2026-09-05-20-30-01.985806,302,196,178504.0
2026-09-05-20-30-02.016374,301,196,179198.5
2026-09-05-20-30-02.059988,301,196,179198.5
2026-09-05-20-30-02.093614,301,196,179067.0
2026-09-05-20-30-02.119725,300,196,178382.5
2026-09-05-20-30-02.157898,300,196,178382.5
2026-09-05-20-30-02.189630,300,197,177637.0
2026-09-05-20-30-02.219763,300,197,177637.0
2026-09-05-20-30-02.255589,300,197,177142.5
2026-09-05-20-30-02.286817,300,197,177142.5
2026-09-05-20-30-02.324356,300,196,176177.0
2026-09-05-20-30-02.359225,300,196,176177.0
2026-09-05-20-30-02.385900,299,196,175144.5
2026-09-05-20-30-02.424758,299,196,173990.5
2026-09-05-20-30-02.456650,299,196,173990.5
2026-09-05-20-30-02.491708,299,196,172921.0
2026-09-05-20-30-02.528835,299,196,172921.0
2026-09-05-20-30-02.560585,299,196,171834.5
2026-09-05-20-30-02.598223,299,196,171834.5
2026-09-05-20-30-02.631625,299,196,171059.0
2026-09-05-20-30-02.664294,299,196,171059.0
2026-09-05-20-30-02.695455,300,196,170739.0
2026-09-05-20-30-02.730907,300,196,170739.0
2026-09-05-20-30-02.762139,300,196,170222.5
2026-09-05-20-30-02.795447,300,196,169989.5
2026-09-05-20-30-02.828799,300,196,169989.5
2026-09-05-20-30-02.869347,300,196,169982.0
2026-09-05-20-30-02.908834,300,196,169982.0
2026-09-05-20-30-02.933672,300,198,171374.5
2026-09-05-20-30-02.973989,300,198,171374.5
2026-09-05-20-30-02.999854,300,198,172333.5
2026-09-05-20-30-03.035568,300,198,172333.5
2026-09-05-20-30-03.065446,301,197,175118.0
2026-09-05-20-30-03.100969,300,198,171844.5
2026-09-05-20-30-03.133767,300,198,171844.5
2026-09-05-20-30-03.172730,304,203,183661.5
2026-09-05-20-30-03.198804,304,203,183661.5
2026-09-05-20-30-03.234749,305,202,189652.0
2026-09-05-20-30-03.268202,305,202,189652.0
2026-09-05-20-30-03.303991,304,204,187693.5
2026-09-05-20-30-03.338894,302,206,196780.5
2026-09-05-20-30-03.369544,302,206,196780.5
2026-09-05-20-30-03.405024,310,211,207180.5
2026-09-05-20-30-03.440580,310,211,207180.5
2026-09-05-20-30-03.472932,304,209,205770.5
2026-09-05-20-30-03.506477,304,209,205770.5
2026-09-05-20-30-03.541281,305,209,213672.5
2026-09-05-20-30-03.578698,305,209,213672.5
2026-09-05-20-30-03.604371,304,208,215076.0
2026-09-05-20-30-03.645355,304,210,220365.0
2026-09-05-20-30-03.677723,304,210,220365.0
2026-09-05-20-30-03.712015,304,210,222979.0
2026-09-05-20-30-03.745442,304,210,222979.0
2026-09-05-20-30-03.777105,302,210,224492.0
2026-09-05-20-30-03.812860,302,210,224492.0
2026-09-05-20-30-03.840556,303,212,230047.0
2026-09-05-20-30-03.881444,303,212,230047.0
2026-09-05-20-30-03.917674,303,213,232265.0
2026-09-05-20-30-03.949265,303,213,232265.0
2026-09-05-20-30-03.978646,305,213,233831.5
2026-09-05-20-30-04.014872,305,216,241844.5
2026-09-05-20-30-04.047492,305,216,241844.5
2026-09-05-20-30-04.081961,308,216,246372.5
2026-09-05-20-30-04.115165,308,216,246372.5
2026-09-05-20-30-04.148526,312,217,249156.5
2026-09-05-20-30-04.185408,312,217,249156.5
2026-09-05-20-30-04.216022,313,216,250057.5
2026-09-05-20-30-04.259958,312,217,252978.0
2026-09-05-20-30-04.326369,311,216,252301.5
2026-09-05-20-30-04.348959,311,216,252301.5
2026-09-05-20-30-04.395259,310,215,249055.0
2026-09-05-20-30-04.417427,310,215,249055.0
2026-09-05-20-30-04.453541,309,213,246047.5
2026-09-05-20-30-04.485219,309,213,246047.5
2026-09-05-20-30-04.516460,309,213,244709.5
2026-09-05-20-30-04.561878,307,211,241320.0
2026-09-05-20-30-04.585896,307,211,241320.0
2026-09-05-20-30-04.629773,305,210,237698.5
2026-09-05-20-30-04.653190,305,210,237698.5
2026-09-05-20-30-04.694152,303,208,235141.5
2026-09-05-20-30-04.719613,303,208,235141.5
2026-09-05-20-30-04.755854,301,206,229415.5
2026-09-05-20-30-04.789239,301,206,229415.5
2026-09-05-20-30-04.824542,300,205,227396.0
2026-09-05-20-30-04.872289,301,205,227309.5
2026-09-05-20-30-04.893586,301,205,227309.5
2026-09-05-20-30-04.933502,300,203,224533.0
2026-09-05-20-30-04.957548,300,203,224533.0
2026-09-05-20-30-04.994366,295,194,205745.0
2026-09-05-20-30-05.030298,295,194,205745.0
2026-09-05-20-30-05.061837,290,189,191611.5
2026-09-05-20-30-05.095141,290,189,191611.5
2026-09-05-20-30-05.129699,285,181,170378.5
2026-09-05-20-30-05.176169,124,200,92233.5
2026-09-05-20-30-05.198223,124,200,92233.5
2026-09-05-20-30-05.231356,127,180,82608.0
2026-09-05-20-30-05.267817,127,180,82608.0
2026-09-05-20-30-05.293516,127,177,81358.0
2026-09-05-20-30-05.335270,127,177,81358.0
2026-09-05-20-30-05.366835,127,182,83535.5
2026-09-05-20-30-05.393995,127,182,83535.5
2026-09-05-20-30-05.429465,125,185,84409.5
2026-09-05-20-30-05.470245,125,185,84409.5
2026-09-05-20-30-05.511758,124,189,85040.0
2026-09-05-20-30-05.534491,124,189,85040.0
2026-09-05-20-30-05.567828,120,203,90024.5
2026-09-05-20-30-05.602041,119,206,91744.0
2026-09-05-20-30-05.636854,119,206,91744.0
2026-09-05-20-30-05.669278,120,197,88652.0
2026-09-05-20-30-05.706514,120,197,88652.0
2026-09-05-20-30-05.742527,118,195,86401.0
2026-09-05-20-30-05.774210,118,195,86401.0
2026-09-05-20-30-05.800601,118,198,86649.5
2026-09-05-20-30-05.845070,118,197,85587.0
2026-09-05-20-30-05.877440,118,197,85587.0
2026-09-05-20-30-05.911727,116,194,82857.5
2026-09-05-20-30-05.945029,116,194,82857.5
2026-09-05-20-30-05.978386,115,193,82227.0
2026-09-05-20-30-06.011714,115,193,82227.0
2026-09-05-20-30-06.045627,116,192,81905.0
2026-09-05-20-30-06.078373,117,193,82442.5
2026-09-05-20-30-06.107834,117,193,82442.5
2026-09-05-20-30-06.145005,116,189,81654.5
2026-09-05-20-30-06.181168,116,189,81654.5
2026-09-05-20-30-06.221406,116,188,81970.5
2026-09-05-20-30-06.248496,116,188,81970.5
2026-09-05-20-30-06.281168,117,189,82919.5
2026-09-05-20-30-06.315601,117,189,82919.5
2026-09-05-20-30-06.347126,118,188,83876.0
2026-09-05-20-30-06.380956,119,189,85570.0
2026-09-05-20-30-06.416146,119,189,85570.0
2026-09-05-20-30-06.448938,120,188,86755.5
2026-09-05-20-30-06.482580,120,188,86755.5
2026-09-05-20-30-06.516570,121,189,87909.5
2026-09-05-20-30-06.550171,121,189,87909.5
2026-09-05-20-30-06.585257,122,191,91062.0
2026-09-05-20-30-06.619102,122,191,91062.0
2026-09-05-20-30-06.651388,302,175,165251.0
2026-09-05-20-30-06.685277,302,175,165251.0
2026-09-05-20-30-06.719579,303,176,170138.0
2026-09-05-20-30-06.755229,303,176,170138.0
2026-09-05-20-30-06.795310,304,176,173534.0
2026-09-05-20-30-06.821055,305,177,176186.0
2026-09-05-20-30-06.854487,305,177,176186.0
2026-09-05-20-30-06.893355,306,177,179876.0
2026-09-05-20-30-06.921556,306,177,179876.0
2026-09-05-20-30-06.957439,306,177,181592.0
2026-09-05-20-30-06.994920,306,177,181592.0
2026-09-05-20-30-07.028249,307,178,183406.0
2026-09-05-20-30-07.053311,307,178,183406.0
2026-09-05-20-30-07.085415,307,178,185056.5
2026-09-05-20-30-07.131267,307,178,185221.5
2026-09-05-20-30-07.163260,307,178,185221.5
2026-09-05-20-30-07.195738,307,178,185751.5
2026-09-05-20-30-07.230251,307,178,185751.5
2026-09-05-20-30-07.266033,306,182,188850.5
2026-09-05-20-30-07.296327,306,182,188850.5
2026-09-05-20-30-07.334700,306,182,189759.5
2026-09-05-20-30-07.359316,306,182,188938.5
2026-09-05-20-30-07.396906,306,182,188938.5
2026-09-05-20-30-07.432162,306,182,189100.5
2026-09-05-20-30-07.465838,306,182,189100.5
2026-09-05-20-30-07.501697,306,182,189403.5
2026-09-05-20-30-07.533252,306,182,189403.5
2026-09-05-20-30-07.570462,306,182,189498.5
2026-09-05-20-30-07.602325,306,182,189498.5
2026-09-05-20-30-07.634914,306,182,190444.5
2026-09-05-20-30-07.669983,306,183,191377.0
2026-09-05-20-30-07.707663,306,183,191377.0
2026-09-05-20-30-07.734441,306,183,192446.5
2026-09-05-20-30-07.770182,306,183,192446.5
2026-09-05-20-30-07.810713,302,189,197525.5
2026-09-05-20-30-07.844809,302,189,197525.5
2026-09-05-20-30-07.874258,307,185,196366.5
2026-09-05-20-30-07.906382,307,185,196366.5
2026-09-05-20-30-07.937467,303,190,201971.0
2026-09-05-20-30-07.971676,303,190,201971.0
2026-09-05-20-30-08.004236,307,186,200596.5
2026-09-05-20-30-08.044783,308,186,202244.0
2026-09-05-20-30-08.077071,308,186,202244.0
2026-09-05-20-30-08.108784,304,192,207521.5
2026-09-05-20-30-08.135453,304,192,207521.5
2026-09-05-20-30-08.176955,308,187,204702.0
2026-09-05-20-30-08.213374,308,187,204702.0
2026-09-05-20-30-08.244758,304,192,208827.5
2026-09-05-20-30-08.277966,304,192,208827.5
2026-09-05-20-30-08.309224,308,187,205378.5
2026-09-05-20-30-08.347471,308,187,205378.5
2026-09-05-20-30-08.380038,304,192,209151.0
2026-09-05-20-30-08.415492,304,192,208790.0
2026-09-05-20-30-08.446725,304,192,208790.0
2026-09-05-20-30-08.477111,304,192,208318.0
2026-09-05-20-30-08.517009,304,192,208318.0
2026-09-05-20-30-08.551377,307,187,202571.5
2026-09-05-20-30-08.584791,307,187,202571.5
2026-09-05-20-30-08.616232,307,186,201299.5
2026-09-05-20-30-08.653126,306,185,198841.5
2026-09-05-20-30-08.692585,306,185,198841.5
2026-09-05-20-30-08.714700,306,185,197043.0
2026-09-05-20-30-08.748906,306,185,197043.0
2026-09-05-20-30-08.781939,306,184,194930.5
2026-09-05-20-30-08.817983,306,184,194930.5
2026-09-05-20-30-08.848860,305,184,193094.5
2026-09-05-20-30-08.890710,305,183,191154.0
2026-09-05-20-30-08.923935,305,183,191154.0
2026-09-05-20-30-08.957095,305,183,189652.5
2026-09-05-20-30-08.991394,305,183,189652.5
2026-09-05-20-30-09.027987,304,183,187819.0
2026-09-05-20-30-09.081161,304,182,187661.0
2026-09-05-20-30-09.097392,304,182,187661.0
2026-09-05-20-30-09.144640,304,183,186738.0
2026-09-05-20-30-09.211302,304,182,186580.0
2026-09-05-20-30-09.227934,304,182,186580.0
2026-09-05-20-30-09.270681,304,182,186769.5
2026-09-05-20-30-09.301843,304,182,186769.5
2026-09-05-20-30-09.337642,304,182,186934.5
2026-09-05-20-30-09.374920,304,182,186934.5
2026-09-05-20-30-09.411272,304,183,187443.5
2026-09-05-20-30-09.443701,304,183,187443.5
2026-09-05-20-30-09.474442,305,182,187031.5
2026-09-05-20-30-09.501027,305,182,187031.5
2026-09-05-20-30-09.544588,305,182,187585.0
2026-09-05-20-30-09.575725,304,183,187769.5
2026-09-05-20-30-09.612231,304,183,187769.5
2026-09-05-20-30-09.645282,304,183,187946.5
2026-09-05-20-30-09.677342,304,183,187946.5
2026-09-05-20-30-09.709031,304,183,188240.0
2026-09-05-20-30-09.757032,304,183,188240.0
2026-09-05-20-30-09.788996,304,183,188365.5
2026-09-05-20-30-09.820990,304,183,188365.5
2026-09-05-20-30-09.852987,304,183,188591.0
2026-09-05-20-30-09.884662,304,184,189101.0
2026-09-05-20-30-09.916979,304,184,189101.0
2026-09-05-20-30-09.947848,304,184,189382.0
2026-09-05-20-30-09.984626,304,184,189382.0
2026-09-05-20-30-10.016730,303,185,190104.5
2026-09-05-20-30-10.058499,303,185,190104.5
2026-09-05-20-30-10.084770,304,185,190178.5
2026-09-05-20-30-10.111154,303,185,191046.0
2026-09-05-20-30-10.155206,303,185,191046.0
2026-09-05-20-30-10.188950,303,186,191279.0
2026-09-05-20-30-10.220300,303,186,191279.0
2026-09-05-20-30-10.244469,303,188,193051.0
2026-09-05-20-30-10.280549,303,188,193051.0
2026-09-05-20-30-10.322807,303,188,193223.5
2026-09-05-20-30-10.361148,303,188,193223.5
2026-09-05-20-30-10.394478,303,186,191647.0
2026-09-05-20-30-10.422470,303,189,193866.5
2026-09-05-20-30-10.462840,303,189,193866.5
2026-09-05-20-30-10.492941,303,189,194068.0
2026-09-05-20-30-10.524937,303,189,194068.0
2026-09-05-20-30-10.562360,303,189,194667.0
2026-09-05-20-30-10.594450,303,189,194667.0
2026-09-05-20-30-10.625643,303,189,194768.5
2026-09-05-20-30-10.662623,303,189,194768.5
2026-09-05-20-30-10.696802,303,190,195100.0
2026-09-05-20-30-10.728153,303,190,195100.0
2026-09-05-20-30-10.761103,303,190,196039.0
2026-09-05-20-30-10.799373,303,191,196465.0
2026-09-05-20-30-10.829709,303,191,196465.0
2026-09-05-20-30-10.860870,304,191,197162.5
2026-09-05-20-30-10.904215,304,191,197162.5
2026-09-05-20-30-10.940871,304,192,197610.5
2026-09-05-20-30-10.972885,304,192,197610.5
2026-09-05-20-30-11.003464,304,194,200120.0
2026-09-05-20-30-11.034714,304,194,200120.0
2026-09-05-20-30-11.068851,304,193,199160.5
2026-09-05-20-30-11.100712,304,193,199160.5
2026-09-05-20-30-11.136436,304,195,200795.0
2026-09-05-20-30-11.171274,300,201,206496.0
2026-09-05-20-30-11.208742,300,201,206496.0
2026-09-05-20-30-11.240387,301,203,218314.5
2026-09-05-20-30-11.271569,301,203,218314.5
2026-09-05-20-30-11.297070,301,204,219248.5
2026-09-05-20-30-11.337383,301,204,219248.5
2026-09-05-20-30-11.374152,302,205,221196.5
2026-09-05-20-30-11.410318,302,206,221996.5
2026-09-05-20-30-11.444340,302,206,221996.5
2026-09-05-20-30-11.477641,302,199,245226.5
2026-09-05-20-30-11.503582,302,199,245226.5
2026-09-05-20-30-11.543539,303,200,246763.0
2026-09-05-20-30-11.576629,303,200,246763.0
2026-09-05-20-30-11.608040,303,200,247052.5
2026-09-05-20-30-11.644925,303,200,247157.0
2026-09-05-20-30-11.675650,303,200,247157.0
2026-09-05-20-30-11.711717,303,200,247705.0
2026-09-05-20-30-11.744301,303,200,247705.0
2026-09-05-20-30-11.776935,304,200,247709.5
2026-09-05-20-30-11.818579,304,200,247709.5
2026-09-05-20-30-11.852758,303,200,247742.5
2026-09-05-20-30-11.912944,304,200,248005.5
2026-09-05-20-30-11.944274,304,200,248005.5
2026-09-05-20-30-11.977605,304,201,248207.0
2026-09-05-20-30-12.027602,304,201,248266.0
2026-09-05-20-30-12.053710,304,201,248266.0
2026-09-05-20-30-12.092758,303,201,248088.5
2026-09-05-20-30-12.120890,303,201,248088.5
2026-09-05-20-30-12.154728,304,200,248080.5
2026-09-05-20-30-12.187149,304,200,248080.5
2026-09-05-20-30-12.220726,303,200,248053.0
2026-09-05-20-30-12.260901,303,200,248053.0
2026-09-05-20-30-12.294230,304,201,248167.0
2026-09-05-20-30-12.327559,304,201,248167.0
2026-09-05-20-30-12.359039,304,201,248113.5
2026-09-05-20-30-12.393109,304,201,248927.5
2026-09-05-20-30-12.426602,304,201,248927.5
2026-09-05-20-30-12.458880,304,200,248079.0
2026-09-05-20-30-12.494161,304,200,248079.0
2026-09-05-20-30-12.522905,304,201,248847.0
2026-09-05-20-30-12.560862,304,201,248847.0
2026-09-05-20-30-12.596169,304,200,248049.5
2026-09-05-20-30-12.633275,304,201,248930.5
2026-09-05-20-30-12.660208,304,201,248930.5
2026-09-05-20-30-12.697172,304,201,248832.0
2026-09-05-20-30-12.727498,304,201,248832.0
2026-09-05-20-30-12.760810,304,201,248677.5
2026-09-05-20-30-12.798973,304,201,248677.5
2026-09-05-20-30-12.831121,304,201,248712.5
2026-09-05-20-30-12.875542,304,201,248713.5
2026-09-05-20-30-12.900427,304,201,248713.5
2026-09-05-20-30-12.940091,304,201,248645.5
2026-09-05-20-30-12.972656,304,201,248645.5
2026-09-05-20-30-13.004634,304,201,248898.5
2026-09-05-20-30-13.036621,304,201,248898.5
2026-09-05-20-30-13.067741,304,201,249282.5
2026-09-05-20-30-13.110790,304,201,249282.5
2026-09-05-20-30-13.138912,304,201,249114.5
2026-09-05-20-30-13.177448,304,200,247314.0
2026-09-05-20-30-13.209056,304,200,247314.0
2026-09-05-20-30-13.241991,304,201,248881.0
2026-09-05-20-30-13.276595,304,201,248881.0
2026-09-05-20-30-13.308038,304,200,247983.0
2026-09-05-20-30-13.342916,304,200,247983.0
2026-09-05-20-30-13.365657,304,201,249096.0
2026-09-05-20-30-13.404579,304,201,249096.0
2026-09-05-20-30-13.444080,304,201,249048.0
2026-09-05-20-30-13.477409,304,201,249048.0
2026-09-05-20-30-13.511727,304,201,248952.5
2026-09-05-20-30-13.544546,304,201,248952.5
2026-09-05-20-30-13.581344,304,201,248943.0
2026-09-05-20-30-13.606363,304,201,248966.5
2026-09-05-20-30-13.650087,304,201,248966.5
2026-09-05-20-30-13.680755,304,201,248922.5
2026-09-05-20-30-13.724504,304,201,248922.5
2026-09-05-20-30-13.756565,304,201,249164.5
2026-09-05-20-30-13.784050,304,201,249164.5
2026-09-05-20-30-13.816618,304,201,249067.5
2026-09-05-20-30-13.844001,304,201,249067.5
2026-09-05-20-30-13.884327,304,201,249019.5
2026-09-05-20-30-13.926192,304,201,249095.0
2026-09-05-20-30-13.953590,304,201,249095.0
2026-09-05-20-30-13.989868,304,201,249052.0
2026-09-05-20-30-14.026007,304,201,249052.0
2026-09-05-20-30-14.057059,304,200,247457.5
2026-09-05-20-30-14.092540,304,200,247457.5
2026-09-05-20-30-14.126655,304,201,249060.0
2026-09-05-20-30-14.155982,304,201,248943.5
2026-09-05-20-30-14.191208,304,201,248943.5
2026-09-05-20-30-14.225223,304,201,249011.5
2026-09-05-20-30-14.259141,304,201,249011.5
2026-09-05-20-30-14.292879,304,201,249079.5
2026-09-05-20-30-14.324502,304,201,249079.5
2026-09-05-20-30-14.361610,304,201,248912.5
2026-09-05-20-30-14.394243,304,201,249100.0
2026-09-05-20-30-14.429646,304,201,249100.0
2026-09-05-20-30-14.460602,304,201,249241.0
2026-09-05-20-30-14.497263,304,201,249241.0
2026-09-05-20-30-14.530093,304,202,250087.5
2026-09-05-20-30-14.560601,304,202,250087.5
2026-09-05-20-30-14.599384,304,202,250031.0
2026-09-05-20-30-14.630261,304,202,250031.0
2026-09-05-20-30-14.667796,304,201,249521.0
2026-09-05-20-30-14.700444,304,201,249521.0
2026-09-05-20-30-14.734260,305,202,250338.5
2026-09-05-20-30-14.766169,305,202,250338.5
2026-09-05-20-30-14.802328,304,201,249735.5
2026-09-05-20-30-14.834076,304,202,249909.0
2026-09-05-20-30-14.860413,304,202,249909.0
2026-09-05-20-30-14.908434,304,202,249954.0
2026-09-05-20-30-14.940430,304,202,249954.0
2026-09-05-20-30-14.972223,304,202,249955.5
2026-09-05-20-30-15.004425,304,202,249955.5
2026-09-05-20-30-15.043872,304,202,249996.0
2026-09-05-20-30-15.096936,304,201,249729.0
2026-09-05-20-30-15.174414,304,202,250362.0
2026-09-05-20-30-15.191672,304,202,250362.0
2026-09-05-20-30-15.231797,304,202,250510.5
2026-09-05-20-30-15.268070,304,202,250510.5
2026-09-05-20-30-15.300376,304,201,248504.5
2026-09-05-20-30-15.331984,304,201,248504.5
2026-09-05-20-30-15.363041,303,199,246623.5
2026-09-05-20-30-15.401348,303,201,248094.0
2026-09-05-20-30-15.438093,303,201,248094.0
2026-09-05-20-30-15.468348,303,201,247867.0
2026-09-05-20-30-15.505338,303,201,247867.0
2026-09-05-20-30-15.528124,303,200,247060.5
2026-09-05-20-30-15.570280,303,200,247060.5
2026-09-05-20-30-15.596330,305,202,249051.5
2026-09-05-20-30-15.643793,303,198,243242.0
2026-09-05-20-30-15.675119,303,198,243242.0
2026-09-05-20-30-15.708341,292,195,233892.5
2026-09-05-20-30-15.740340,292,195,233892.5
2026-09-05-20-30-15.777109,265,206,182533.5
2026-09-05-20-30-15.810438,265,206,182533.5
2026-09-05-20-30-15.842566,252,205,178701.5
2026-09-05-20-30-15.868296,252,205,178701.5
2026-09-05-20-30-15.910403,230,200,159403.5
2026-09-05-20-30-15.935816,230,200,159403.5
2026-09-05-20-30-15.977056,217,205,154398.5
2026-09-05-20-30-16.012128,205,209,148826.5
2026-09-05-20-30-16.043930,205,209,148826.5
2026-09-05-20-30-16.076312,140,230,118620.5
2026-09-05-20-30-16.117441,140,230,118620.5
2026-09-05-20-30-16.147845,142,225,120342.5
2026-09-05-20-30-16.183701,142,225,120342.5
2026-09-05-20-30-16.215256,140,223,118853.0
2026-09-05-20-30-16.243693,140,223,118853.0
2026-09-05-20-30-16.284153,140,222,118670.0
2026-09-05-20-30-16.315649,140,222,118670.0
2026-09-05-20-30-16.352129,268,216,170367.5
2026-09-05-20-30-16.383673,280,216,182805.5
2026-09-05-20-30-16.410333,280,216,182805.5
2026-09-05-20-30-16.453260,294,210,199786.0
2026-09-05-20-30-16.484118,294,210,199786.0
2026-09-05-20-30-16.520113,296,208,200544.5
2026-09-05-20-30-16.556256,296,208,200544.5
2026-09-05-20-30-16.588219,299,206,207943.0
2026-09-05-20-30-16.613027,299,206,207943.0
2026-09-05-20-30-16.660328,301,204,213861.5
2026-09-05-20-30-16.693657,302,203,216816.5
2026-09-05-20-30-16.725666,302,203,216816.5
2026-09-05-20-30-16.760315,303,203,219935.5
2026-09-05-20-30-16.791740,303,203,219935.5
2026-09-05-20-30-16.824300,300,199,216100.5
2026-09-05-20-30-16.859449,300,199,216100.5
2026-09-05-20-30-16.895489,304,203,223420.5
2026-09-05-20-30-16.926786,306,209,230102.5
2026-09-05-20-30-16.964354,306,209,230102.5
2026-09-05-20-30-16.997171,306,210,231076.0
2026-09-05-20-30-17.028939,306,210,231076.0
2026-09-05-20-30-17.065755,306,210,230948.5
2026-09-05-20-30-17.097898,306,210,230948.5
2026-09-05-20-30-17.130001,302,199,216909.0
2026-09-05-20-30-17.163453,302,199,216909.0
2026-09-05-20-30-17.194151,302,199,215156.5
2026-09-05-20-30-17.232784,302,198,204558.5
2026-09-05-20-30-17.267876,302,198,204558.5
2026-09-05-20-30-17.300583,304,198,206431.5
2026-09-05-20-30-17.332387,304,198,206431.5
2026-09-05-20-30-17.370031,304,198,205352.0
2026-09-05-20-30-17.404146,304,198,205352.0
2026-09-05-20-30-17.437791,310,210,215873.0
2026-09-05-20-30-17.468120,310,210,215873.0
2026-09-05-20-30-17.493531,311,209,213446.5
2026-09-05-20-30-17.532472,311,209,213446.5
2026-09-05-20-30-17.572556,315,210,218726.0
2026-09-05-20-30-17.610204,308,206,212680.5
2026-09-05-20-30-17.643511,308,206,212680.5
2026-09-05-20-30-17.675463,282,191,164354.5
2026-09-05-20-30-17.708112,282,191,164354.5
2026-09-05-20-30-17.738532,278,190,160392.0
2026-09-05-20-30-17.775041,278,190,160392.0
2026-09-05-20-30-17.810178,273,187,155167.5
2026-09-05-20-30-17.862322,271,185,153786.5
2026-09-05-20-30-17.928711,271,183,152897.5
2026-09-05-20-30-17.952369,271,183,152897.5
2026-09-05-20-30-17.992721,226,162,133848.5
2026-09-05-20-30-18.021592,226,162,133848.5
2026-09-05-20-30-18.047554,263,176,165861.0
2026-09-05-20-30-18.089049,263,176,165861.0
2026-09-05-20-30-18.125780,265,179,165101.5
2026-09-05-20-30-18.172060,267,180,171826.5
2026-09-05-20-30-18.197591,267,180,171826.5
2026-09-05-20-30-18.233916,266,179,171395.5
2026-09-05-20-30-18.268019,266,179,171395.5
2026-09-05-20-30-18.300009,267,179,170428.5
2026-09-05-20-30-18.332012,267,179,170428.5
2026-09-05-20-30-18.362832,266,179,167032.0
2026-09-05-20-30-18.413595,265,174,163852.5
2026-09-05-20-30-18.441354,265,174,163852.5
2026-09-05-20-30-18.471765,282,179,163479.5
2026-09-05-20-30-18.509174,282,179,163479.5
2026-09-05-20-30-18.542318,283,180,165781.5
2026-09-05-20-30-18.571386,283,180,165781.5
2026-09-05-20-30-18.610074,284,181,167446.0
2026-09-05-20-30-18.641935,284,181,167446.0
2026-09-05-20-30-18.667976,283,184,168713.0
2026-09-05-20-30-18.710061,283,184,168713.0
2026-09-05-20-30-18.742300,282,187,169907.5
2026-09-05-20-30-18.776548,282,192,172443.0
2026-09-05-20-30-18.814161,282,192,172443.0
2026-09-05-20-30-18.845482,283,195,175082.0
2026-09-05-20-30-18.883319,283,195,175082.0
2026-09-05-20-30-18.915477,300,198,200604.5
2026-09-05-20-30-18.946152,300,198,200604.5
2026-09-05-20-30-18.983561,301,199,205360.0
2026-09-05-20-30-19.013112,301,199,205360.0
2026-09-05-20-30-19.060015,304,205,216617.0
2026-09-05-20-30-19.077003,304,205,216617.0
2026-09-05-20-30-19.120147,300,200,211135.0
2026-09-05-20-30-19.150499,300,200,211135.0
2026-09-05-20-30-19.183280,312,216,273849.5
2026-09-05-20-30-19.222999,303,211,228582.5
2026-09-05-20-30-19.254241,303,211,228582.5
2026-09-05-20-30-19.288104,313,216,274604.5
2026-09-05-20-30-19.319404,313,216,274604.5
2026-09-05-20-30-19.357745,313,216,274502.5
2026-09-05-20-30-19.388126,313,216,274502.5
2026-09-05-20-30-19.425265,313,216,274674.0
2026-09-05-20-30-19.459963,313,216,274447.0
2026-09-05-20-30-19.493292,313,216,274447.0
2026-09-05-20-30-19.527215,313,216,274472.0
2026-09-05-20-30-19.559950,313,216,274472.0
2026-09-05-20-30-19.592741,313,216,274566.5
2026-09-05-20-30-19.626609,313,216,274566.5
2026-09-05-20-30-19.661101,313,216,274484.5
2026-09-05-20-30-19.693265,313,216,274597.0
2026-09-05-20-30-19.730375,313,216,274597.0
2026-09-05-20-30-19.762904,313,216,274377.5
2026-09-05-20-30-19.795433,313,216,274377.5
2026-09-05-20-30-19.837577,307,210,223976.0
2026-09-05-20-30-19.863377,307,210,223976.0
2026-09-05-20-30-19.903203,307,210,223183.5
2026-09-05-20-30-19.931549,307,210,223183.5
2026-09-05-20-30-19.958089,307,209,222195.5
2026-09-05-20-30-20.000002,307,208,221438.0
2026-09-05-20-30-20.033553,307,208,221438.0
2026-09-05-20-30-20.068823,308,207,220991.0
2026-09-05-20-30-20.099650,308,207,220991.0
2026-09-05-20-30-20.135375,308,207,220809.0
2026-09-05-20-30-20.171829,308,207,220809.0
2026-09-05-20-30-20.203802,308,207,221280.0
2026-09-05-20-30-20.243159,308,207,221280.0
2026-09-05-20-30-20.272498,303,197,210819.5
2026-09-05-20-30-20.307951,303,197,210819.5
2026-09-05-20-30-20.339057,308,207,221815.0
2026-09-05-20-30-20.372491,308,207,221815.0
2026-09-05-20-30-20.408375,308,207,221963.5
2026-09-05-20-30-20.444336,308,208,221716.0
2026-09-05-20-30-20.474201,308,208,221716.0
2026-09-05-20-30-20.511898,308,208,221334.0
2026-09-05-20-30-20.544425,308,208,221334.0
2026-09-05-20-30-20.571785,308,208,220126.0
2026-09-05-20-30-20.632494,308,209,217999.5
2026-09-05-20-30-20.695290,309,210,216021.0
2026-09-05-20-30-20.720548,309,210,216021.0
2026-09-05-20-30-20.761939,308,209,217090.0
2026-09-05-20-30-20.793123,308,209,217090.0
2026-09-05-20-30-20.826452,308,209,217777.5
2026-09-05-20-30-20.858048,308,209,217777.5
2026-09-05-20-30-20.890463,306,208,211785.5
2026-09-05-20-30-20.928221,306,208,212270.5
2026-09-05-20-30-20.959768,306,208,212270.5
2026-09-05-20-30-21.003745,306,208,212881.5
2026-09-05-20-30-21.033429,306,208,212881.5
2026-09-05-20-30-21.064259,307,208,212841.5
2026-09-05-20-30-21.094856,307,208,212841.5
2026-09-05-20-30-21.129254,307,208,212933.5
2026-09-05-20-30-21.170552,307,208,212737.5
2026-09-05-20-30-21.199615,307,208,212737.5
2026-09-05-20-30-21.239323,307,207,211601.0
2026-09-05-20-30-21.266857,307,207,211601.0
2026-09-05-20-30-21.302966,307,207,210327.0
2026-09-05-20-30-21.332507,307,207,210327.0
2026-09-05-20-30-21.371691,307,207,209373.0
2026-09-05-20-30-21.405535,307,207,209373.0
2026-09-05-20-30-21.428090,306,206,208615.0
2026-09-05-20-30-21.459677,306,206,208615.0
2026-09-05-20-30-21.507590,306,207,208884.5
2026-09-05-20-30-21.538789,306,207,208884.5
2026-09-05-20-30-21.574729,308,207,213503.5
2026-09-05-20-30-21.607626,308,207,213608.0
2026-09-05-20-30-21.643012,308,207,213608.0
2026-09-05-20-30-21.674036,305,207,207816.0
2026-09-05-20-30-21.710410,305,207,207816.0
2026-09-05-20-30-21.742999,305,207,207960.0
2026-09-05-20-30-21.776815,305,207,207960.0
2026-09-05-20-30-21.808418,305,207,208231.0
2026-09-05-20-30-21.842986,305,207,208231.0
2026-09-05-20-30-21.874560,305,207,208242.0
2026-09-05-20-30-21.915604,305,207,208242.0
2026-09-05-20-30-21.947014,305,207,208727.0
2026-09-05-20-30-21.977581,305,207,208362.0
2026-09-05-20-30-22.009604,305,207,208362.0
2026-09-05-20-30-22.042960,305,207,209122.0
2026-09-05-20-30-22.083211,305,207,209122.0
2026-09-05-20-30-22.115639,305,207,208691.0
2026-09-05-20-30-22.144818,305,207,208691.0
2026-09-05-20-30-22.183358,305,207,208912.0
2026-09-05-20-30-22.219571,305,208,209595.0
2026-09-05-20-30-22.251562,305,208,209595.0
2026-09-05-20-30-22.283288,306,208,209970.0
2026-09-05-20-30-22.315555,306,208,209970.0
2026-09-05-20-30-22.349567,306,208,210109.0
2026-09-05-20-30-22.376222,306,208,210109.0
2026-09-05-20-30-22.418134,306,207,209928.5
2026-09-05-20-30-22.455047,306,208,211148.5
2026-09-05-20-30-22.486930,306,208,211148.5
2026-09-05-20-30-22.518676,306,208,210288.0
2026-09-05-20-30-22.554795,306,208,210288.0
2026-09-05-20-30-22.586810,306,208,210969.5
2026-09-05-20-30-22.620576,306,208,210969.5
2026-09-05-20-30-22.654312,306,208,210871.0
2026-09-05-20-30-22.680067,306,208,210871.0
2026-09-05-20-30-22.723510,306,208,210625.5
2026-09-05-20-30-22.755185,306,208,210625.5
2026-09-05-20-30-22.793136,306,208,209982.0
2026-09-05-20-30-22.823492,306,208,209699.0
2026-09-05-20-30-22.850990,306,208,209699.0
2026-09-05-20-30-22.893644,306,208,209561.5
2026-09-05-20-30-22.926430,306,208,209561.5
2026-09-05-20-30-22.963451,306,207,209384.0
2026-09-05-20-30-22.995663,306,207,209384.0
2026-09-05-20-30-23.026588,309,204,206332.0
2026-09-05-20-30-23.057832,309,204,206332.0
2026-09-05-20-30-23.098422,306,207,208611.5
2026-09-05-20-30-23.132971,306,207,208611.5
2026-09-05-20-30-23.155554,306,207,208315.0
2026-09-05-20-30-23.198871,309,202,204074.5
2026-09-05-20-30-23.230953,309,202,204074.5
2026-09-05-20-30-23.258588,309,205,212169.0
2026-09-05-20-30-23.299260,309,205,212169.0
2026-09-05-20-30-23.326099,309,205,211701.5
2026-09-05-20-30-23.369139,309,205,211701.5
2026-09-05-20-30-23.403457,310,205,211282.5
2026-09-05-20-30-23.435426,310,205,211282.5
2026-09-05-20-30-23.462175,310,204,207675.5
2026-09-05-20-30-23.501883,311,207,208371.5
2026-09-05-20-30-23.533000,311,207,208371.5
2026-09-05-20-30-23.573150,311,209,209357.5
2026-09-05-20-30-23.609422,311,209,209357.5
2026-09-05-20-30-23.642676,311,209,209772.5
2026-09-05-20-30-23.675402,311,209,209772.5
2026-09-05-20-30-23.707717,311,206,208847.5
2026-09-05-20-30-23.745797,311,208,210277.0
2026-09-05-20-30-23.778312,311,208,210277.0
2026-09-05-20-30-23.812203,314,205,208253.0
2026-09-05-20-30-23.842726,314,205,208253.0
2026-09-05-20-30-23.877922,314,204,208563.5
2026-09-05-20-30-23.914768,314,204,208563.5
2026-09-05-20-30-23.944791,311,208,212245.0
2026-09-05-20-30-23.979168,311,208,212245.0
2026-09-05-20-30-24.010505,311,206,211353.5
2026-09-05-20-30-24.042672,319,207,217559.5
2026-09-05-20-30-24.082580,319,207,217559.5
2026-09-05-20-30-24.113120,316,210,220413.0
2026-09-05-20-30-24.155371,316,210,220413.0
2026-09-05-20-30-24.180954,316,210,219806.0
2026-09-05-20-30-24.219366,316,210,219806.0
2026-09-05-20-30-24.251346,316,210,219167.5
2026-09-05-20-30-24.313384,312,209,265276.5
2026-09-05-20-30-24.342634,312,209,265276.5
2026-09-05-20-30-24.373269,312,209,265073.5
2026-09-05-20-30-24.424746,312,209,264956.5
2026-09-05-20-30-24.450793,312,209,264956.5
2026-09-05-20-30-24.491333,312,209,265103.0
2026-09-05-20-30-24.519777,312,209,265103.0
2026-09-05-20-30-24.552192,319,207,214361.5
2026-09-05-20-30-24.586810,319,207,214361.5
2026-09-05-20-30-24.619328,319,205,212101.0
2026-09-05-20-30-24.656933,319,205,212101.0
2026-09-05-20-30-24.689318,319,205,211315.5
2026-09-05-20-30-24.729420,319,205,210302.5
2026-09-05-20-30-24.754822,319,205,210302.5
2026-09-05-20-30-24.795270,319,205,210154.0
2026-09-05-20-30-24.825930,319,205,210154.0
2026-09-05-20-30-24.851677,319,204,209207.5
2026-09-05-20-30-24.891262,319,204,209207.5
2026-09-05-20-30-24.922624,319,205,208658.5
2026-09-05-20-30-24.968214,319,205,208488.5
2026-09-05-20-30-24.987248,319,205,208488.5
2026-09-05-20-30-25.032033,319,204,207268.0
2026-09-05-20-30-25.063327,319,204,207268.0
2026-09-05-20-30-25.095252,319,205,207241.0
2026-09-05-20-30-25.130208,319,205,207241.0
2026-09-05-20-30-25.153124,319,205,206171.5
2026-09-05-20-30-25.209282,319,205,205801.5
2026-09-05-20-30-25.240714,319,205,205801.5
2026-09-05-20-30-25.275242,319,205,205875.0
2026-09-05-20-30-25.303019,319,205,205875.0
2026-09-05-20-30-25.335593,320,199,215677.5
2026-09-05-20-30-25.374856,320,199,215677.5
2026-09-05-20-30-25.402910,312,201,199615.5
2026-09-05-20-30-25.442432,312,201,199615.5
2026-09-05-20-30-25.475139,311,205,260384.5
2026-09-05-20-30-25.506434,311,205,260384.5
2026-09-05-20-30-25.532967,311,205,260190.0
2026-09-05-20-30-25.576566,311,204,259225.5
2026-09-05-20-30-25.609918,311,204,259225.5
2026-09-05-20-30-25.642699,313,201,256463.0
2026-09-05-20-30-25.675930,313,201,256463.0
2026-09-05-20-30-25.717395,308,206,206314.0
2026-09-05-20-30-25.755191,308,206,206314.0
2026-09-05-20-30-25.782390,311,202,203278.0
2026-09-05-20-30-25.812811,311,202,203278.0
2026-09-05-20-30-25.849134,308,205,205434.0
2026-09-05-20-30-25.879888,308,205,205434.0
2026-09-05-20-30-25.910897,314,203,258129.5
2026-09-05-20-30-25.948008,314,203,258129.5
2026-09-05-20-30-25.979520,309,205,204797.5
2026-09-05-20-30-26.017760,312,206,261086.0
2026-09-05-20-30-26.051019,312,206,261086.0
2026-09-05-20-30-26.082523,314,202,257773.0
2026-09-05-20-30-26.116570,314,202,257773.0
2026-09-05-20-30-26.142574,314,203,258131.0
2026-09-05-20-30-26.185012,314,203,258131.0
2026-09-05-20-30-26.220025,314,203,258241.5
2026-09-05-20-30-26.251115,314,203,258100.0
2026-09-05-20-30-26.292407,314,203,258100.0
2026-09-05-20-30-26.322069,314,203,258182.0
2026-09-05-20-30-26.357859,314,203,258182.0
2026-09-05-20-30-26.392969,314,203,257947.5
2026-09-05-20-30-26.420007,314,203,257947.5
2026-09-05-20-30-26.455704,314,203,257890.0
2026-09-05-20-30-26.490669,314,202,257327.5
2026-09-05-20-30-26.523099,314,202,257327.5
2026-09-05-20-30-26.555098,314,202,257791.0
2026-09-05-20-30-26.592368,314,202,257791.0
2026-09-05-20-30-26.624351,314,202,257366.5
2026-09-05-20-30-26.658878,314,202,257366.5
2026-09-05-20-30-26.690402,314,202,257563.0
2026-09-05-20-30-26.719567,314,202,257563.0
2026-09-05-20-30-26.760850,312,205,260485.5
2026-09-05-20-30-26.792669,314,202,257312.5
2026-09-05-20-30-26.825670,314,202,257312.5
2026-09-05-20-30-26.858591,311,205,260243.0
2026-09-05-20-30-26.895161,311,205,260243.0
2026-09-05-20-30-26.929041,312,205,260348.5
2026-09-05-20-30-26.960820,312,205,260348.5
2026-09-05-20-30-26.997458,314,202,257586.5
2026-09-05-20-30-27.032576,314,202,257586.5
2026-09-05-20-30-27.064707,314,202,257586.5
2026-09-05-20-30-27.096470,314,202,257586.5
2026-09-05-20-30-27.132407,314,201,197893.5
2026-09-05-20-30-27.167523,314,201,197893.5
2026-09-05-20-30-27.199255,314,202,197415.5
2026-09-05-20-30-27.225591,310,196,189182.0
2026-09-05-20-30-27.259993,310,196,189182.0
2026-09-05-20-30-27.305408,310,195,188016.0
2026-09-05-20-30-27.334270,310,195,188016.0
2026-09-05-20-30-27.361670,315,202,195710.0
2026-09-05-20-30-27.432229,312,205,198351.5
2026-09-05-20-30-27.494672,308,202,252446.5
2026-09-05-20-30-27.520283,308,202,252446.5
2026-09-05-20-30-27.559491,315,202,195874.5
2026-09-05-20-30-27.592117,315,202,195874.5
2026-09-05-20-30-27.624933,315,202,195882.5
2026-09-05-20-30-27.655993,315,202,195882.5
2026-09-05-20-30-27.689016,310,200,250122.0
2026-09-05-20-30-27.738961,137,233,100566.0
2026-09-05-20-30-27.754930,137,233,100566.0
2026-09-05-20-30-27.802936,315,201,197841.5
2026-09-05-20-30-27.828459,315,201,197841.5
2026-09-05-20-30-27.866311,307,197,193491.0
2026-09-05-20-30-27.897619,307,197,193491.0
2026-09-05-20-30-27.925500,311,194,190378.5
2026-09-05-20-30-27.968573,311,194,190378.5
2026-09-05-20-30-28.004943,312,204,200532.0
2026-09-05-20-30-28.042135,312,204,200323.0
2026-09-05-20-30-28.073958,312,204,200323.0
2026-09-05-20-30-28.104499,315,202,197019.0
2026-09-05-20-30-28.139260,315,202,197019.0
2026-09-05-20-30-28.172492,314,201,196962.0
2026-09-05-20-30-28.202885,314,201,196962.0
2026-09-05-20-30-28.239283,315,207,207556.0
2026-09-05-20-30-28.277425,315,207,207556.0
2026-09-05-20-30-28.308805,318,203,205902.5
2026-09-05-20-30-28.342755,318,203,205902.5
2026-09-05-20-30-28.378841,310,202,202016.5
2026-09-05-20-30-28.412367,313,198,210215.0
2026-09-05-20-30-28.445789,313,198,210215.0
2026-09-05-20-30-28.477362,311,204,259232.0
2026-09-05-20-30-28.508757,311,204,259232.0
2026-09-05-20-30-28.548098,315,193,206798.5
2026-09-05-20-30-28.579324,315,193,206798.5
2026-09-05-20-30-28.614293,313,201,255865.0
2026-09-05-20-30-28.651562,313,201,255865.0
2026-09-05-20-30-28.682086,313,198,200064.0
2026-09-05-20-30-28.714853,313,198,200064.0
2026-09-05-20-30-28.746816,309,193,192936.5
2026-09-05-20-30-28.781921,308,192,191435.5
2026-09-05-20-30-28.822173,308,192,191435.5
2026-09-05-20-30-28.854691,309,193,192620.5
2026-09-05-20-30-28.884686,309,193,192620.5
2026-09-05-20-30-28.915632,309,193,192849.0
2026-09-05-20-30-28.944789,309,193,192849.0
2026-09-05-20-30-28.986790,313,198,198927.5
2026-09-05-20-30-29.019864,306,196,194939.5
2026-09-05-20-30-29.051552,306,196,194939.5
2026-09-05-20-30-29.089478,306,196,195204.5
2026-09-05-20-30-29.122145,306,196,195204.5
2026-09-05-20-30-29.155632,306,196,195054.0
2026-09-05-20-30-29.188827,306,196,195054.0
2026-09-05-20-30-29.224306,314,199,201122.0
2026-09-05-20-30-29.256371,316,199,197895.5
2026-09-05-20-30-29.292003,316,199,197895.5
2026-09-05-20-30-29.322777,312,205,260365.0
2026-09-05-20-30-29.359255,312,205,260365.0
2026-09-05-20-30-29.391379,314,203,199209.0
2026-09-05-20-30-29.428919,314,203,199209.0
2026-09-05-20-30-29.460167,314,203,199712.5
2026-09-05-20-30-29.491990,314,203,199712.5
2026-09-05-20-30-29.529337,317,198,197065.0
2026-09-05-20-30-29.560947,317,198,197065.0
2026-09-05-20-30-29.592885,317,198,198274.5
2026-09-05-20-30-29.630148,316,197,207949.5
2026-09-05-20-30-29.663927,316,197,207949.5
2026-09-05-20-30-29.695950,314,201,200858.5
2026-09-05-20-30-29.732289,314,201,200858.5
2026-09-05-20-30-29.763513,316,198,199808.0
2026-09-05-20-30-29.802729,316,198,199808.0
2026-09-05-20-30-29.833699,316,198,199943.0
2026-09-05-20-30-29.866689,316,198,199943.0
2026-09-05-20-30-29.898642,316,197,199080.0
2026-09-05-20-30-29.930481,316,197,199080.0
2026-09-05-20-30-29.968970,316,196,198476.0
2026-09-05-20-30-29.999585,316,197,199149.5
2026-09-05-20-30-30.040760,316,197,199149.5
2026-09-05-20-30-30.070937,319,193,205970.5
2026-09-05-20-30-30.106687,319,193,205970.5
2026-09-05-20-30-30.135374,317,196,198505.5
2026-09-05-20-30-30.166955,317,196,198505.5
2026-09-05-20-30-30.208562,318,192,205074.0
2026-09-05-20-30-30.240025,318,192,205074.0
2026-09-05-20-30-30.274648,319,192,205531.5
2026-09-05-20-30-30.308526,319,191,204633.0
2026-09-05-20-30-30.340099,319,191,204633.0
2026-09-05-20-30-30.376721,319,192,205594.5
2026-09-05-20-30-30.408518,319,192,205594.5
2026-09-05-20-30-30.442154,319,191,204456.0
2026-09-05-20-30-30.476578,319,191,204456.0
2026-09-05-20-30-30.508495,319,192,205240.0
2026-09-05-20-30-30.546051,319,192,205128.0
2026-09-05-20-30-30.577446,319,192,205128.0
2026-09-05-20-30-30.610094,319,192,205313.5
2026-09-05-20-30-30.641843,319,192,205313.5
2026-09-05-20-30-30.678703,319,192,205239.5
2026-09-05-20-30-30.716748,319,192,205239.5
2026-09-05-20-30-30.752873,319,191,205219.5
2026-09-05-20-30-30.781942,319,191,205219.5
2026-09-05-20-30-30.813498,319,190,204496.5
2026-09-05-20-30-30.841806,319,190,204440.5
2026-09-05-20-30-30.881704,319,190,204440.5
2026-09-05-20-30-30.922594,323,193,210927.5
2026-09-05-20-30-30.953986,323,193,210927.5
2026-09-05-20-30-30.984131,323,193,211359.5
2026-09-05-20-30-31.050561,323,193,211741.0
2026-09-05-20-30-31.075882,323,193,211741.0
2026-09-05-20-30-31.108100,323,193,212176.5
2026-09-05-20-30-31.147747,323,193,212176.5
2026-09-05-20-30-31.176270,322,193,212390.0
2026-09-05-20-30-31.223654,322,193,212264.5
2026-09-05-20-30-31.250709,322,193,212264.5
2026-09-05-20-30-31.291064,322,194,211290.0
2026-09-05-20-30-31.321789,322,194,211290.0
2026-09-05-20-30-31.350588,315,194,207667.0
2026-09-05-20-30-31.381758,315,194,207667.0
2026-09-05-20-30-31.418511,318,191,204866.5
2026-09-05-20-30-31.451228,318,191,204866.5
2026-09-05-20-30-31.479598,318,191,204069.5
2026-09-05-20-30-31.526135,319,191,203267.0
2026-09-05-20-30-31.553626,319,191,203267.0
2026-09-05-20-30-31.592377,312,188,197999.5
2026-09-05-20-30-31.620711,312,188,197999.5
2026-09-05-20-30-31.655434,315,194,204612.5
2026-09-05-20-30-31.691336,315,194,204612.5
2026-09-05-20-30-31.722502,315,194,196177.0
2026-09-05-20-30-31.758334,311,198,200353.0
2026-09-05-20-30-31.792023,311,198,200353.0
2026-09-05-20-30-31.824994,310,200,202837.0
2026-09-05-20-30-31.858349,310,200,202837.0
2026-09-05-20-30-31.898453,312,197,200524.5
2026-09-05-20-30-31.931519,312,197,200524.5
2026-09-05-20-30-31.961406,311,198,201675.0
2026-09-05-20-30-32.006959,305,201,206896.0
2026-09-05-20-30-32.033612,305,201,206896.0
2026-09-05-20-30-32.072497,307,198,204342.0
2026-09-05-20-30-32.099126,307,198,204342.0
2026-09-05-20-30-32.138460,308,196,195951.0
2026-09-05-20-30-32.170144,308,196,195951.0
2026-09-05-20-30-32.202421,308,196,195905.5
2026-09-05-20-30-32.234418,308,196,195905.5
2026-09-05-20-30-32.267295,308,196,195997.5
2026-09-05-20-30-32.308290,308,196,195997.5
2026-09-05-20-30-32.336245,308,196,195563.5
2026-09-05-20-30-32.367478,308,196,195563.5
2026-09-05-20-30-32.408470,304,200,205609.0
2026-09-05-20-30-32.441502,300,201,201462.5
2026-09-05-20-30-32.474718,300,201,201462.5
2026-09-05-20-30-32.506386,294,193,184690.5
2026-09-05-20-30-32.543681,294,193,184690.5
2026-09-05-20-30-32.575275,288,196,188339.5
2026-09-05-20-30-32.602373,288,196,188339.5
2026-09-05-20-30-32.641552,285,195,179346.5
2026-09-05-20-30-32.676550,285,195,179346.5
2026-09-05-20-30-32.712764,283,195,179044.5
2026-09-05-20-30-32.743707,283,195,179044.5
2026-09-05-20-30-32.778612,280,196,178013.5
2026-09-05-20-30-32.810635,288,197,189352.0
2026-09-05-20-30-32.845136,288,197,189352.0
2026-09-05-20-30-32.881759,301,188,189131.5
2026-09-05-20-30-32.913454,301,188,189131.5
2026-09-05-20-30-32.954361,297,187,187826.5
2026-09-05-20-30-32.981368,297,187,187826.5
2026-09-05-20-30-33.007381,276,179,154438.5
2026-09-05-20-30-33.048400,283,172,141767.0
2026-09-05-20-30-33.084166,283,172,141767.0
2026-09-05-20-30-33.114680,297,167,127757.0
2026-09-05-20-30-33.141150,297,167,127757.0
2026-09-05-20-30-33.186715,310,190,153588.0
2026-09-05-20-30-33.219113,310,190,153588.0
2026-09-05-20-30-33.245405,208,164,78677.0
2026-09-05-20-30-33.290821,202,168,81047.5
2026-09-05-20-30-33.322318,202,168,81047.5
2026-09-05-20-30-33.346881,198,170,85089.5
2026-09-05-20-30-33.391833,198,170,85089.5
2026-09-05-20-30-33.423001,196,170,89962.5
2026-09-05-20-30-33.455177,196,170,89962.5
2026-09-05-20-30-33.490407,113,166,71145.5
2026-09-05-20-30-33.525951,113,166,71145.5
2026-09-05-20-30-33.558128,279,166,117308.5
2026-09-05-20-30-33.591457,279,166,117308.5
2026-09-05-20-30-33.627611,280,164,121674.0
2026-09-05-20-30-33.659631,283,163,125803.5
2026-09-05-20-30-33.692122,283,163,125803.5
2026-09-05-20-30-33.729319,285,162,129719.5
2026-09-05-20-30-33.762936,285,162,129719.5
2026-09-05-20-30-33.794624,288,162,133032.0
2026-09-05-20-30-33.827853,288,162,133032.0
2026-09-05-20-30-33.864310,290,162,135106.0
2026-09-05-20-30-33.894372,290,162,135106.0
2026-09-05-20-30-33.930221,312,167,155829.0
2026-09-05-20-30-33.958049,312,167,155829.0
2026-09-05-20-30-34.009250,313,167,155276.0
2026-09-05-20-30-34.039815,315,167,154637.0
2026-09-05-20-30-34.072203,315,167,154637.0
2026-09-05-20-30-34.110241,311,174,169137.5
2026-09-05-20-30-34.140835,311,174,169137.5
2026-09-05-20-30-34.172576,302,164,126626.5
2026-09-05-20-30-34.229798,304,164,124702.5
2026-09-05-20-30-34.291343,306,163,124895.0
2026-09-05-20-30-34.316997,306,163,124895.0
2026-09-05-20-30-34.358023,308,162,126421.0
2026-09-05-20-30-34.391355,308,162,126421.0
2026-09-05-20-30-34.417388,309,161,129766.5
2026-09-05-20-30-34.444056,309,161,129766.5
2026-09-05-20-30-34.484932,309,161,132633.0
2026-09-05-20-30-34.533898,310,162,134675.5
2026-09-05-20-30-34.560424,310,162,134675.5
2026-09-05-20-30-34.602153,310,162,137118.5
2026-09-05-20-30-34.625261,310,162,137118.5
2026-09-05-20-30-34.661363,309,163,139070.0
2026-09-05-20-30-34.693791,309,163,139070.0
2026-09-05-20-30-34.728847,323,167,156034.0
2026-09-05-20-30-34.762012,323,167,156034.0
2026-09-05-20-30-34.790020,322,167,157247.0
2026-09-05-20-30-34.841088,321,167,158345.0
2026-09-05-20-30-34.861911,321,167,158345.0
2026-09-05-20-30-34.906146,320,167,159434.5
2026-09-05-20-30-34.934357,320,167,159434.5
2026-09-05-20-30-34.970129,319,167,161189.0
2026-09-05-20-30-35.001485,319,167,161189.0
2026-09-05-20-30-35.034676,314,169,170060.5
2026-09-05-20-30-35.072847,314,169,170060.5
2026-09-05-20-30-35.107722,307,169,168232.0
2026-09-05-20-30-35.134685,307,169,168232.0
2026-09-05-20-30-35.174537,307,169,170700.0
2026-09-05-20-30-35.207886,307,169,173013.5
2026-09-05-20-30-35.240483,307,169,173013.5
2026-09-05-20-30-35.269913,307,169,175326.5
2026-09-05-20-30-35.309438,307,169,175326.5
2026-09-05-20-30-35.341688,306,210,221221.0
2026-09-05-20-30-35.375134,306,210,221221.0
2026-09-05-20-30-35.410760,307,210,223607.5
2026-09-05-20-30-35.441219,307,210,223607.5
2026-09-05-20-30-35.477941,308,211,225567.5
2026-09-05-20-30-35.509796,308,211,225567.5
2026-09-05-20-30-35.545247,308,212,226880.0
2026-09-05-20-30-35.576697,308,212,227496.0
2026-09-05-20-30-35.613887,308,212,227496.0
2026-09-05-20-30-35.646919,309,212,228138.5
2026-09-05-20-30-35.678558,309,212,228138.5
2026-09-05-20-30-35.709093,310,213,230825.0
2026-09-05-20-30-35.751337,310,213,230825.0
2026-09-05-20-30-35.781308,311,214,232500.0
2026-09-05-20-30-35.811811,311,214,233055.0
2026-09-05-20-30-35.843847,311,214,233055.0
2026-09-05-20-30-35.880908,311,214,233551.0
2026-09-05-20-30-35.916293,311,214,233551.0
2026-09-05-20-30-35.949173,311,214,233894.0
2026-09-05-20-30-35.974452,311,214,233894.0
2026-09-05-20-30-36.021346,311,214,234148.5
2026-09-05-20-30-36.057168,311,214,234429.0
2026-09-05-20-30-36.090209,311,214,234429.0
2026-09-05-20-30-36.118839,309,214,237886.5
2026-09-05-20-30-36.157992,309,214,237886.5
2026-09-05-20-30-36.188465,311,214,234719.5
2026-09-05-20-30-36.214207,311,214,234719.5
2026-09-05-20-30-36.257677,310,214,234865.0
2026-09-05-20-30-36.291104,310,214,234865.0
2026-09-05-20-30-36.324788,310,215,235213.0
2026-09-05-20-30-36.357167,310,215,235213.0
2026-09-05-20-30-36.392822,310,214,234725.0
2026-09-05-20-30-36.424621,310,214,234761.0
2026-09-05-20-30-36.459807,310,214,234761.0
2026-09-05-20-30-36.490143,310,214,233621.5
2026-09-05-20-30-36.537756,310,214,233621.5
2026-09-05-20-30-36.568643,310,213,232322.5
2026-09-05-20-30-36.597026,310,213,232322.5
2026-09-05-20-30-36.628083,311,170,183969.5
2026-09-05-20-30-36.660487,311,170,183969.5
2026-09-05-20-30-36.691026,311,169,182554.5
2026-09-05-20-30-36.757711,312,169,181550.5
2026-09-05-20-30-36.820274,310,168,178699.5
2026-09-05-20-30-36.849428,310,168,178699.5
2026-09-05-20-30-36.889921,309,208,219452.0
2026-09-05-20-30-36.905881,309,208,219452.0
2026-09-05-20-30-36.947989,311,207,216210.5
2026-09-05-20-30-36.980977,311,207,216210.5
2026-09-05-20-30-37.007650,310,206,213356.5
2026-09-05-20-30-37.057157,314,166,172016.0
2026-09-05-20-30-37.081026,314,166,172016.0
2026-09-05-20-30-37.124330,314,167,173005.5
2026-09-05-20-30-37.146615,314,167,173005.5
2026-09-05-20-30-37.187836,314,167,174589.0
2026-09-05-20-30-37.224316,314,167,174589.0
2026-09-05-20-30-37.257645,315,168,176454.5
2026-09-05-20-30-37.307631,315,168,177492.0
2026-09-05-20-30-37.324211,315,168,177492.0
2026-09-05-20-30-37.369839,314,169,179820.5
2026-09-05-20-30-37.400528,314,169,179820.5
2026-09-05-20-30-37.431182,314,170,181084.5
2026-09-05-20-30-37.474284,314,170,181084.5
2026-09-05-20-30-37.500622,316,169,179256.5
2026-09-05-20-30-37.540695,316,169,179256.5
2026-09-05-20-30-37.568643,316,170,178724.5
2026-09-05-20-30-37.608680,316,170,177958.5
2026-09-05-20-30-37.640929,316,170,177958.5
2026-09-05-20-30-37.671397,316,170,177517.5
2026-09-05-20-30-37.705777,316,170,177517.5
2026-09-05-20-30-37.740916,316,170,177293.0
2026-09-05-20-30-37.773433,316,170,177293.0
2026-09-05-20-30-37.806036,315,171,176432.0
2026-09-05-20-30-37.841704,315,171,176432.0
2026-09-05-20-30-37.874291,316,170,176604.5
2026-09-05-20-30-37.902027,316,170,176604.5
2026-09-05-20-30-37.943779,315,170,176540.0
2026-09-05-20-30-37.975458,315,170,176540.0
2026-09-05-20-30-38.010960,315,170,176505.0
2026-09-05-20-30-38.041747,315,170,176503.5
2026-09-05-20-30-38.073747,315,170,176503.5
2026-09-05-20-30-38.111377,315,170,176439.0
2026-09-05-20-30-38.144771,315,170,176439.0
2026-09-05-20-30-38.180009,315,170,176343.5
2026-09-05-20-30-38.210960,315,170,176343.5
2026-09-05-20-30-38.250468,315,170,176563.0
2026-09-05-20-30-38.282670,315,170,176563.0
2026-09-05-20-30-38.308183,315,170,176659.5
2026-09-05-20-30-38.339753,315,170,176692.0
2026-09-05-20-30-38.379488,315,170,176692.0
2026-09-05-20-30-38.413474,315,170,176790.0
2026-09-05-20-30-38.445103,315,170,176790.0
2026-09-05-20-30-38.481691,315,170,176729.0
2026-09-05-20-30-38.513192,315,170,176729.0
2026-09-05-20-30-38.549136,315,170,176076.5
2026-09-05-20-30-38.582996,315,170,174510.0
2026-09-05-20-30-38.616724,315,170,174510.0
2026-09-05-20-30-38.650163,315,171,173441.0
2026-09-05-20-30-38.690527,315,171,173441.0
2026-09-05-20-30-38.716214,315,171,172753.5
2026-09-05-20-30-38.749558,315,171,172753.5
2026-09-05-20-30-38.786358,315,171,172803.0
2026-09-05-20-30-38.822495,312,170,169952.0
2026-09-05-20-30-38.853833,312,170,169952.0
2026-09-05-20-30-38.889780,311,171,173095.0
2026-09-05-20-30-38.921548,311,171,173095.0
2026-09-05-20-30-38.960145,311,171,174045.5
2026-09-05-20-30-38.990727,311,171,174045.5
2026-09-05-20-30-39.027307,312,172,175331.5
2026-09-05-20-30-39.058723,312,172,175331.5
2026-09-05-20-30-39.085892,312,172,177055.5
2026-09-05-20-30-39.125826,312,172,177055.5
2026-09-05-20-30-39.156706,313,172,178808.5
2026-09-05-20-30-39.190699,313,172,178808.5
2026-09-05-20-30-39.224030,313,172,180457.0
2026-09-05-20-30-39.274571,313,172,182565.0
2026-09-05-20-30-39.299618,313,172,182565.0
2026-09-05-20-30-39.326453,314,171,183376.5
2026-09-05-20-30-39.368490,314,171,183376.5
2026-09-05-20-30-39.409236,314,171,183773.5
2026-09-05-20-30-39.436171,314,171,183773.5
2026-09-05-20-30-39.464704,315,171,183806.5
2026-09-05-20-30-39.524600,314,204,212785.5
2026-09-05-20-30-39.590679,314,204,213139.5
2026-09-05-20-30-39.620220,314,204,213139.5
2026-09-05-20-30-39.656230,313,202,211246.5
2026-09-05-20-30-39.682230,313,202,211246.5
2026-09-05-20-30-39.711726,314,205,214361.0
2026-09-05-20-30-39.751247,314,205,214361.0
2026-09-05-20-30-39.779065,314,204,213206.0
2026-09-05-20-30-39.827259,314,205,214342.5
2026-09-05-20-30-39.857307,314,205,214342.5
2026-09-05-20-30-39.883460,314,205,214538.5
2026-09-05-20-30-39.927204,314,205,214538.5
2026-09-05-20-30-39.957294,314,205,214902.5
2026-09-05-20-30-39.991985,314,205,214902.5
2026-09-05-20-30-40.024329,314,206,215359.0
2026-09-05-20-30-40.069144,314,171,184708.5
2026-09-05-20-30-40.105045,314,171,184708.5
2026-09-05-20-30-40.134332,312,207,219233.0
2026-09-05-20-30-40.165592,312,207,219233.0
2026-09-05-20-30-40.198725,312,207,219454.5
2026-09-05-20-30-40.228087,312,207,219454.5
2026-09-05-20-30-40.265496,312,207,219463.5
2026-09-05-20-30-40.297491,312,207,219463.5
2026-09-05-20-30-40.323887,314,171,184900.0
2026-09-05-20-30-40.373053,314,171,184900.0
2026-09-05-20-30-40.407236,314,171,184926.0
2026-09-05-20-30-40.432585,312,206,218874.0
2026-09-05-20-30-40.469675,312,206,218874.0
2026-09-05-20-30-40.505496,313,208,220668.5
2026-09-05-20-30-40.537489,313,208,220668.5
2026-09-05-20-30-40.572085,313,208,220878.5
2026-09-05-20-30-40.607209,313,208,220878.5
2026-09-05-20-30-40.642715,313,208,220427.0
2026-09-05-20-30-40.673660,313,208,220427.0
2026-09-05-20-30-40.704360,313,208,220665.5
2026-09-05-20-30-40.740525,313,208,220665.5
2026-09-05-20-30-40.766808,313,208,220755.5
2026-09-05-20-30-40.807368,313,208,220506.5
2026-09-05-20-30-40.841108,313,208,220506.5
2026-09-05-20-30-40.876329,312,204,217485.0
2026-09-05-20-30-40.910968,312,204,217485.0
2026-09-05-20-30-40.941073,312,204,217429.5
2026-09-05-20-30-40.972415,312,204,217429.5
2026-09-05-20-30-41.015245,312,204,217247.0
2026-09-05-20-30-41.045211,312,204,217247.0
2026-09-05-20-30-41.080264,312,204,216687.5
2026-09-05-20-30-41.111152,312,204,216947.0
2026-09-05-20-30-41.148326,312,204,216947.0
2026-09-05-20-30-41.180304,311,204,216780.5
2026-09-05-20-30-41.216385,311,204,216780.5
2026-09-05-20-30-41.248254,311,204,216673.0
2026-09-05-20-30-41.280515,311,204,216673.0
2026-09-05-20-30-41.319062,311,204,216743.0
2026-09-05-20-30-41.348738,311,203,216648.0
2026-09-05-20-30-41.385383,311,203,216648.0
2026-09-05-20-30-41.416713,312,202,213237.5
2026-09-05-20-30-41.459585,312,202,213237.5
2026-09-05-20-30-41.485733,312,203,213448.5
2026-09-05-20-30-41.516357,312,203,213448.5
2026-09-05-20-30-41.557059,311,203,216693.5
2026-09-05-20-30-41.587104,311,203,216693.5
2026-09-05-20-30-41.623716,311,203,216476.0
2026-09-05-20-30-41.657072,311,203,216375.5
2026-09-05-20-30-41.689357,311,203,216375.5
2026-09-05-20-30-41.721354,311,204,216716.0
2026-09-05-20-30-41.753350,311,204,216716.0
2026-09-05-20-30-41.790359,311,204,216640.5
2026-09-05-20-30-41.823690,311,204,216640.5
2026-09-05-20-30-41.857018,311,203,216165.0
2026-09-05-20-30-41.892385,311,203,216165.0
2026-09-05-20-30-41.925024,311,203,215942.0
2026-09-05-20-30-41.957033,311,203,215942.0
2026-09-05-20-30-41.993650,311,203,215965.0
2026-09-05-20-30-42.024000,311,203,215898.0
2026-09-05-20-30-42.060210,311,203,215898.0
2026-09-05-20-30-42.102268,311,204,216550.5
2026-09-05-20-30-42.130027,311,204,216550.5
2026-09-05-20-30-42.163179,311,203,216320.0
2026-09-05-20-30-42.195010,311,203,216320.0
2026-09-05-20-30-42.232792,312,203,216877.5
2026-09-05-20-30-42.294131,312,204,217237.5
2026-09-05-20-30-42.356982,311,203,216740.5
2026-09-05-20-30-42.390016,311,203,216740.5
2026-09-05-20-30-42.422554,312,203,216873.5
2026-09-05-20-30-42.453829,312,203,216873.5
2026-09-05-20-30-42.482941,312,203,216884.5
2026-09-05-20-30-42.519737,312,203,216884.5
2026-09-05-20-30-42.550475,312,204,216986.5
2026-09-05-20-30-42.599288,312,204,216992.0
2026-09-05-20-30-42.627340,312,204,216992.0
2026-09-05-20-30-42.658791,312,203,216740.0
2026-09-05-20-30-42.693402,312,203,216740.0
2026-09-05-20-30-42.725430,312,203,216704.5
2026-09-05-20-30-42.760402,312,203,216704.5
2026-09-05-20-30-42.792719,312,204,216796.5
2026-09-05-20-30-42.833983,312,204,217102.0
2026-09-05-20-30-42.863797,312,204,217102.0
2026-09-05-20-30-42.894085,315,172,187253.0
2026-09-05-20-30-42.922784,315,172,187253.0
2026-09-05-20-30-42.968217,313,204,219679.0
2026-09-05-20-30-42.999570,313,204,219679.0
2026-09-05-20-30-43.029396,313,204,219766.0
2026-09-05-20-30-43.058616,313,204,219766.0
2026-09-05-20-30-43.090036,313,205,220278.0
2026-09-05-20-30-43.135013,313,205,220278.0
2026-09-05-20-30-43.165673,314,206,221666.0
2026-09-05-20-30-43.210989,314,206,221903.0
2026-09-05-20-30-43.229741,314,206,221903.0
2026-09-05-20-30-43.273837,314,206,221974.5
2026-09-05-20-30-43.302699,314,206,221974.5
2026-09-05-20-30-43.329874,314,206,221706.5
2026-09-05-20-30-43.374202,314,206,221706.5
2026-09-05-20-30-43.405195,314,206,221432.5
2026-09-05-20-30-43.437154,314,206,221432.5
2026-09-05-20-30-43.467943,314,206,221809.5
2026-09-05-20-30-43.513007,314,206,221809.5
2026-09-05-20-30-43.544150,314,206,222072.0
2026-09-05-20-30-43.577630,314,207,222435.0
2026-09-05-20-30-43.606790,314,207,222435.0
2026-09-05-20-30-43.637406,314,207,222559.5
2026-09-05-20-30-43.679657,314,207,222559.5
2026-09-05-20-30-43.709466,314,207,222708.0
2026-09-05-20-30-43.739967,314,207,222708.0
2026-09-05-20-30-43.769093,314,207,222788.5
2026-09-05-20-30-43.812651,314,207,222788.5
2026-09-05-20-30-43.841859,315,207,222977.0
2026-09-05-20-30-43.872710,315,207,223223.5
2026-09-05-20-30-43.917082,315,207,223223.5
2026-09-05-20-30-43.948968,315,207,223485.5
2026-09-05-20-30-43.977575,315,207,223485.5
2026-09-05-20-30-44.008322,316,172,187260.5
2026-09-05-20-30-44.039381,316,172,187260.5
2026-09-05-20-30-44.081539,317,172,186528.0
2026-09-05-20-30-44.110797,315,208,223570.0
2026-09-05-20-30-44.156747,315,208,223570.0
2026-09-05-20-30-44.185869,315,209,224537.5
2026-09-05-20-30-44.215479,315,209,224537.5
2026-09-05-20-30-44.260156,315,209,225092.0
2026-09-05-20-30-44.278272,315,209,225092.0
2026-09-05-20-30-44.312693,315,210,225341.5
2026-09-05-20-30-44.355347,315,210,225341.5
2026-09-05-20-30-44.386255,317,173,185998.5
2026-09-05-20-30-44.418081,315,212,225949.0
2026-09-05-20-30-44.449425,315,212,225949.0
2026-09-05-20-30-44.479890,315,212,226131.5
2026-09-05-20-30-44.523339,315,212,226131.5
2026-09-05-20-30-44.553020,315,212,226590.5
2026-09-05-20-30-44.584212,315,212,226590.5
2026-09-05-20-30-44.629674,315,213,226913.0
2026-09-05-20-30-44.660851,315,213,226913.0
2026-09-05-20-30-44.689982,315,212,227228.0
2026-09-05-20-30-44.719747,315,212,227228.0
2026-09-05-20-30-44.764848,315,212,227723.5
2026-09-05-20-30-44.792989,315,212,227723.5
2026-09-05-20-30-44.821004,315,213,228590.5
2026-09-05-20-30-44.864826,316,219,277777.0
2026-09-05-20-30-44.892572,316,219,277777.0
2026-09-05-20-30-44.920958,316,218,277407.5
2026-09-05-20-30-44.962496,316,218,277407.5
2026-09-05-20-30-44.991213,316,219,277455.5
2026-09-05-20-30-45.021775,316,219,277455.5
2026-09-05-20-30-45.066157,316,219,277464.0
2026-09-05-20-30-45.096936,316,219,277464.0
2026-09-05-20-30-45.125172,316,218,277419.5
2026-09-05-20-30-45.165677,316,219,277451.5
2026-09-05-20-30-45.196578,316,219,277451.5
2026-09-05-20-30-45.227983,316,219,277485.0
2026-09-05-20-30-45.267902,316,219,277485.0
2026-09-05-20-30-45.295938,315,213,229993.5
2026-09-05-20-30-45.340372,315,213,229993.5
2026-09-05-20-30-45.368947,316,219,277689.0
2026-09-05-20-30-45.399083,316,219,277625.5
2026-09-05-20-30-45.428722,316,219,277625.5
2026-09-05-20-30-45.472944,316,219,277591.5
2026-09-05-20-30-45.501852,316,219,277591.5
2026-09-05-20-30-45.533748,316,219,278618.5
2026-09-05-20-30-45.563692,316,219,278618.5
2026-09-05-20-30-45.606271,316,220,278780.0
2026-09-05-20-30-45.635071,316,220,279006.0
2026-09-05-20-30-45.666153,316,220,279006.0
2026-09-05-20-30-45.708943,316,220,279131.5
2026-09-05-20-30-45.739874,316,220,279131.5
2026-09-05-20-30-45.770521,316,220,279320.0
2026-09-05-20-30-45.812753,316,220,279320.0
2026-09-05-20-30-45.842349,316,220,279264.5
2026-09-05-20-30-45.873918,316,220,279264.5
2026-09-05-20-30-45.905080,316,215,233204.5
2026-09-05-20-30-45.975669,316,220,279215.5
2026-09-05-20-30-46.022598,316,220,279023.5
2026-09-05-20-30-46.039122,316,220,279023.5
2026-09-05-20-30-46.083533,316,220,279003.5
2026-09-05-20-30-46.113075,316,220,279003.5
2026-09-05-20-30-46.142828,316,220,279077.5
2026-09-05-20-30-46.174274,316,220,279077.5
2026-09-05-20-30-46.216811,316,219,277969.0
2026-09-05-20-30-46.247074,316,219,277969.0
2026-09-05-20-30-46.288834,315,214,232064.5
2026-09-05-20-30-46.331702,315,214,231908.5
2026-09-05-20-30-46.360642,315,214,231908.5
2026-09-05-20-30-46.389986,315,213,231258.0
2026-09-05-20-30-46.419112,315,213,231258.0
2026-09-05-20-30-46.460009,316,220,279171.0
2026-09-05-20-30-46.490674,316,220,279171.0
2026-09-05-20-30-46.523091,315,213,230212.5
2026-09-05-20-30-46.564389,315,213,230212.5
2026-09-05-20-30-46.593792,315,213,229907.0
2026-09-05-20-30-46.623064,315,213,229906.5
2026-09-05-20-30-46.655122,315,213,229906.5
2026-09-05-20-30-46.697999,315,213,230699.5
2026-09-05-20-30-46.729382,315,213,230699.5
2026-09-05-20-30-46.757300,315,213,230555.5
2026-09-05-20-30-46.801563,315,213,230555.5
2026-09-05-20-30-46.832807,315,213,231068.5
2026-09-05-20-30-46.863197,315,213,231278.0
2026-09-05-20-30-46.892560,315,213,231278.0
2026-09-05-20-30-46.937342,315,213,231251.5
2026-09-05-20-30-46.969462,315,213,231251.5
2026-09-05-20-30-46.999406,315,213,231484.0
2026-09-05-20-30-47.033409,315,213,231484.0
2026-09-05-20-30-47.062925,315,213,231884.0
2026-09-05-20-30-47.106364,315,213,231884.0
2026-09-05-20-30-47.137580,315,213,231943.5
2026-09-05-20-30-47.169044,315,213,231943.5
2026-09-05-20-30-47.200713,315,213,232018.0
2026-09-05-20-30-47.233669,315,213,231674.0
2026-09-05-20-30-47.264664,315,213,231674.0
2026-09-05-20-30-47.296643,317,175,191648.5
2026-09-05-20-30-47.339653,317,175,191648.5
2026-09-05-20-30-47.369695,317,175,191206.5
2026-09-05-20-30-47.398959,317,175,191206.5
2026-09-05-20-30-47.443577,318,175,190726.0
2026-09-05-20-30-47.472697,318,175,190726.0
2026-09-05-20-30-47.504909,317,174,189177.5
2026-09-05-20-30-47.534391,317,174,189177.5
2026-09-05-20-30-47.579635,315,213,228690.5
2026-09-05-20-30-47.610407,318,174,188594.0
2026-09-05-20-30-47.639601,318,174,188594.0
2026-09-05-20-30-47.681006,317,174,188032.0
2026-09-05-20-30-47.709676,317,174,188032.0
2026-09-05-20-30-47.741270,317,174,187807.0
2026-09-05-20-30-47.772915,317,174,187807.0
2026-09-05-20-30-47.820686,317,174,187553.0
2026-09-05-20-30-47.852641,317,174,187553.0
2026-09-05-20-30-47.881364,317,174,187272.0
2026-09-05-20-30-47.909601,314,213,227129.0
2026-09-05-20-30-47.952467,314,213,227129.0
2026-09-05-20-30-47.979397,314,213,226838.0
2026-09-05-20-30-48.023106,314,213,226838.0
2026-09-05-20-30-48.051991,314,214,225779.5
2026-09-05-20-30-48.083379,314,214,225779.5
2026-09-05-20-30-48.129427,451,243,130537.5
2026-09-05-20-30-48.159335,451,243,130064.5
2026-09-05-20-30-48.189125,451,243,130064.5
2026-09-05-20-30-48.217893,451,243,129482.0
2026-09-05-20-30-48.249006,451,243,129482.0
2026-09-05-20-30-48.296570,452,243,129077.5
2026-09-05-20-30-48.325897,452,243,129077.5
2026-09-05-20-30-48.356254,452,242,128478.5
2026-09-05-20-30-48.384882,452,242,128478.5
2026-09-05-20-30-48.429543,452,241,128352.0
2026-09-05-20-30-48.461393,452,241,128394.0
2026-09-05-20-30-48.491326,452,241,128394.0
2026-09-05-20-30-48.523353,313,212,222235.0
2026-09-05-20-30-48.568572,313,212,222235.0
2026-09-05-20-30-48.598209,313,212,222340.5
2026-09-05-20-30-48.626223,313,212,222340.5
2026-09-05-20-30-48.657594,316,174,183599.0
2026-09-05-20-30-48.689462,316,174,183599.0
2026-09-05-20-30-48.737538,316,174,183552.5
2026-09-05-20-30-48.765894,316,174,183552.5
2026-09-05-20-30-48.796350,316,174,183627.5
2026-09-05-20-30-48.839131,316,174,183856.5
2026-09-05-20-30-48.868515,316,174,183856.5
2026-09-05-20-30-48.900254,316,174,184369.0
2026-09-05-20-30-48.932841,316,174,184369.0
2026-09-05-20-30-48.964962,316,174,184758.0
2026-09-05-20-30-49.007094,316,174,184758.0
2026-09-05-20-30-49.037857,316,174,184867.5
2026-09-05-20-30-49.066244,316,174,184867.5
2026-09-05-20-30-49.097222,316,175,185294.0
2026-09-05-20-30-49.138283,316,174,185186.0
2026-09-05-20-30-49.168691,316,174,185186.0
2026-09-05-20-30-49.200100,121,176,93606.5
2026-09-05-20-30-49.243436,121,176,93606.5
2026-09-05-20-30-49.272488,119,177,92648.5
2026-09-05-20-30-49.333440,119,177,92224.0
2026-09-05-20-30-49.393136,118,177,91907.5
2026-09-05-20-30-49.409128,118,177,91907.5
2026-09-05-20-30-49.455348,450,240,131376.0
2026-09-05-20-30-49.486495,450,240,131376.0
2026-09-05-20-30-49.518092,449,239,132038.5
2026-09-05-20-30-49.553128,449,239,132038.5
2026-09-05-20-30-49.586291,317,174,184337.5
2026-09-05-20-30-49.637930,314,213,224670.5
2026-09-05-20-30-49.671969,314,213,224670.5
2026-09-05-20-30-49.702298,315,212,226732.0
2026-09-05-20-30-49.736433,315,212,226732.0
2026-09-05-20-30-49.768431,314,212,224628.0
2026-09-05-20-30-49.800426,314,212,224628.0
2026-09-05-20-30-49.833278,314,212,224749.5
2026-09-05-20-30-49.872876,314,212,224749.5
2026-09-05-20-30-49.904312,315,212,226564.5
2026-09-05-20-30-49.935853,315,212,226564.5
2026-09-05-20-30-49.971345,318,174,186321.0
2026-09-05-20-30-50.010168,315,212,226539.5
2026-09-05-20-30-50.039314,315,212,226539.5
2026-09-05-20-30-50.071059,314,213,225058.0
2026-09-05-20-30-50.104581,314,213,225058.0
2026-09-05-20-30-50.142281,314,213,225486.0
2026-09-05-20-30-50.174858,314,213,225486.0
2026-09-05-20-30-50.207447,314,213,226116.0
2026-09-05-20-30-50.239288,314,213,226116.0
2026-09-05-20-30-50.275275,314,214,225408.5
2026-09-05-20-30-50.308560,314,214,225408.5
2026-09-05-20-30-50.344295,314,214,225527.5
2026-09-05-20-30-50.375351,451,243,131935.0
2026-09-05-20-30-50.412696,451,243,131935.0
2026-09-05-20-30-50.442363,314,215,224013.5
2026-09-05-20-30-50.474714,314,215,224013.5
2026-09-05-20-30-50.507708,315,215,224090.0
2026-09-05-20-30-50.552214,315,215,224090.0
2026-09-05-20-30-50.583180,314,215,224273.5
2026-09-05-20-30-50.616342,314,215,224273.5
2026-09-05-20-30-50.647003,314,215,224421.0
2026-09-05-20-30-50.679089,450,242,132548.0
2026-09-05-20-30-50.715601,450,242,132548.0
2026-09-05-20-30-50.746631,314,214,224873.5
2026-09-05-20-30-50.783808,314,214,224873.5
2026-09-05-20-30-50.815036,317,174,184383.5
2026-09-05-20-30-50.841988,317,174,184383.5
2026-09-05-20-30-50.887208,315,213,225105.0
2026-09-05-20-30-50.920712,315,213,224437.0
2026-09-05-20-30-50.952268,315,213,224437.0
2026-09-05-20-30-50.984571,315,213,224163.5
2026-09-05-20-30-51.022520,315,213,224163.5
2026-09-05-20-30-51.053670,314,213,223824.5
2026-09-05-20-30-51.089193,314,213,223824.5
2026-09-05-20-30-51.122062,314,213,223697.5
2026-09-05-20-30-51.154088,314,213,223697.5
2026-09-05-20-30-51.189165,314,213,223505.5
2026-09-05-20-30-51.221244,314,213,222997.0
2026-09-05-20-30-51.261890,314,213,222997.0
2026-09-05-20-30-51.290599,317,175,183053.0
2026-09-05-20-30-51.321826,317,175,183053.0
2026-09-05-20-30-51.357576,122,174,93036.0
2026-09-05-20-30-51.382941,122,174,93036.0
2026-09-05-20-30-51.428702,121,175,92973.5
2026-09-05-20-30-51.458081,121,175,92973.5
2026-09-05-20-30-51.485249,121,175,92986.0
2026-09-05-20-30-51.530962,121,175,92986.0
2026-09-05-20-30-51.560199,121,175,93039.0
2026-09-05-20-30-51.595293,121,175,93039.0
2026-09-05-20-30-51.628704,121,175,92988.5
2026-09-05-20-30-51.659186,452,243,128924.0
2026-09-05-20-30-51.688191,452,243,128924.0
2026-09-05-20-30-51.728667,314,213,223391.0
2026-09-05-20-30-51.761790,314,213,223391.0
2026-09-05-20-30-51.803042,314,213,223640.5
2026-09-05-20-30-51.834053,314,213,223640.5
2026-09-05-20-30-51.865257,314,213,223620.0
2026-09-05-20-30-51.905712,314,212,223747.0
2026-09-05-20-30-51.938692,314,212,223747.0
2026-09-05-20-30-51.971025,314,212,223404.0
2026-09-05-20-30-52.001985,314,212,223404.0
2026-09-05-20-30-52.028626,314,212,223432.0
2026-09-05-20-30-52.070415,314,212,223432.0
2026-09-05-20-30-52.105763,317,174,183879.0
2026-09-05-20-30-52.138868,317,174,183879.0
2026-09-05-20-30-52.169967,318,174,183821.5
2026-09-05-20-30-52.206688,317,174,183685.0
2026-09-05-20-30-52.239028,317,174,183685.0
2026-09-05-20-30-52.272484,317,174,183499.5
2026-09-05-20-30-52.309156,317,174,183499.5
2026-09-05-20-30-52.340225,119,175,91526.5
2026-09-05-20-30-52.371695,119,175,91526.5
2026-09-05-20-30-52.399314,119,175,91409.0
2026-09-05-20-30-52.445812,119,175,91360.5
2026-09-05-20-30-52.476426,119,175,91360.5
2026-09-05-20-30-52.507467,119,175,91325.5
2026-09-05-20-30-52.544949,119,175,91325.5
2026-09-05-20-30-52.575708,451,242,129549.0
2026-09-05-20-30-52.608129,451,242,129549.0
2026-09-05-20-30-52.644047,317,175,181276.5
2026-09-05-20-30-52.702344,317,174,182756.0
2026-09-05-20-30-52.729764,317,174,182756.0
2026-09-05-20-30-52.771627,317,174,182665.5
2026-09-05-20-30-52.818285,317,174,182803.0
2026-09-05-20-30-52.844148,317,174,182803.0
2026-09-05-20-30-52.882322,317,174,182908.0
2026-09-05-20-30-52.912498,317,174,182908.0
2026-09-05-20-30-52.939021,318,174,182908.0
2026-09-05-20-30-52.978721,318,174,182908.0
2026-09-05-20-30-53.010324,314,212,222291.0
2026-09-05-20-30-53.046434,314,212,222291.0
2026-09-05-20-30-53.078545,314,212,222214.5
2026-09-05-20-30-53.125664,318,174,183013.5
2026-09-05-20-30-53.147334,318,174,183013.5
2026-09-05-20-30-53.178782,315,212,222814.5
2026-09-05-20-30-53.221062,315,212,222814.5
2026-09-05-20-30-53.250415,315,212,222723.0
2026-09-05-20-30-53.286653,315,212,222723.0
2026-09-05-20-30-53.318426,315,213,222997.0
2026-09-05-20-30-53.352404,315,213,222997.0
2026-09-05-20-30-53.378552,315,214,221246.5
2026-09-05-20-30-53.428472,315,214,220885.5
2026-09-05-20-30-53.457024,315,214,220885.5
2026-09-05-20-30-53.492531,315,214,220514.0
2026-09-05-20-30-53.524016,315,214,220514.0
2026-09-05-20-30-53.555495,315,214,220433.5
2026-09-05-20-30-53.591683,315,214,220433.5
2026-09-05-20-30-53.616582,451,241,130276.5
2026-09-05-20-30-53.658286,517,175,90641.5
2026-09-05-20-30-53.692269,517,175,90641.5
2026-09-05-20-30-53.731501,451,240,130215.0
2026-09-05-20-30-53.761149,451,240,130215.0
2026-09-05-20-30-53.793112,314,214,219674.0
2026-09-05-20-30-53.824944,314,214,219674.0
2026-09-05-20-30-53.858277,314,213,219894.5
2026-09-05-20-30-53.895992,314,213,219894.5
2026-09-05-20-30-53.925636,314,212,220808.5
2026-09-05-20-30-53.963200,314,212,220808.5
2026-09-05-20-30-53.996854,315,212,221295.5
2026-09-05-20-30-54.039264,315,211,220949.0
2026-09-05-20-30-54.065450,315,211,220949.0
2026-09-05-20-30-54.096653,315,211,220783.5
2026-09-05-20-30-54.128382,315,211,220783.5
2026-09-05-20-30-54.167935,315,211,220818.0
2026-09-05-20-30-54.199506,315,211,220818.0
2026-09-05-20-30-54.231890,318,173,182270.0
2026-09-05-20-30-54.268580,318,173,182270.0
2026-09-05-20-30-54.300740,318,173,182182.0
2026-09-05-20-30-54.328592,318,173,182182.0
2026-09-05-20-30-54.371332,315,212,220919.0
2026-09-05-20-30-54.403424,315,212,221283.5
2026-09-05-20-30-54.438869,315,212,221283.5
2026-09-05-20-30-54.471399,315,211,221431.0
2026-09-05-20-30-54.503858,315,211,221431.0
2026-09-05-20-30-54.541886,315,212,221650.0
2026-09-05-20-30-54.572331,315,212,221650.0
2026-09-05-20-30-54.604175,315,212,221746.0
2026-09-05-20-30-54.631851,315,212,221542.0
2026-09-05-20-30-54.666087,315,212,221542.0
2026-09-05-20-30-54.708398,315,213,220147.0
2026-09-05-20-30-54.742744,315,213,220147.0
2026-09-05-20-30-54.773882,315,214,219139.5
2026-09-05-20-30-54.805358,315,214,219139.5
2026-09-05-20-30-54.834183,318,176,179886.5
2026-09-05-20-30-54.875945,318,176,179886.5
2026-09-05-20-30-54.911080,315,214,218460.0
2026-09-05-20-30-54.942910,315,213,218223.5
2026-09-05-20-30-54.977739,315,213,218223.5
2026-09-05-20-30-55.008059,315,213,217777.0
2026-09-05-20-30-55.038636,315,213,217777.0
2026-09-05-20-30-55.078504,314,213,217486.0
2026-09-05-20-30-55.111789,314,213,217486.0
2026-09-05-20-30-55.147612,314,213,217212.0
2026-09-05-20-30-55.178569,314,213,217212.0
2026-09-05-20-30-55.212792,318,176,179524.0
2026-09-05-20-30-55.247582,318,175,179680.0
2026-09-05-20-30-55.274768,318,175,179680.0
2026-09-05-20-30-55.316697,318,175,180086.0
2026-09-05-20-30-55.349151,318,175,180086.0
2026-09-05-20-30-55.378342,318,174,181641.0
2026-09-05-20-30-55.416782,318,174,181641.0
2026-09-05-20-30-55.452501,318,174,182090.0
2026-09-05-20-30-55.483712,318,174,182090.0
2026-09-05-20-30-55.521639,318,174,182262.5
2026-09-05-20-30-55.552626,318,174,182262.5
2026-09-05-20-30-55.578139,315,211,220364.5
2026-09-05-20-30-55.619131,315,210,220279.0
2026-09-05-20-30-55.655948,315,210,220279.0
2026-09-05-20-30-55.687749,315,211,220529.0
2026-09-05-20-30-55.721624,315,211,220529.0
2026-09-05-20-30-55.759431,315,211,220844.0
2026-09-05-20-30-55.790587,315,211,220844.0
2026-09-05-20-30-55.827140,315,211,221014.5
2026-09-05-20-30-55.858687,315,211,221014.5
2026-09-05-20-30-55.891724,315,211,221081.5
2026-09-05-20-30-55.925637,315,211,221235.5
2026-09-05-20-30-55.955186,315,211,221235.5
2026-09-05-20-30-56.002961,315,211,221488.5
2026-09-05-20-30-56.021841,315,211,221488.5
2026-09-05-20-30-56.055171,315,211,221672.5
2026-09-05-20-30-56.089320,315,211,221672.5
2026-09-05-20-30-56.128039,316,211,221898.0
2026-09-05-20-30-56.165771,316,211,221898.0
2026-09-05-20-30-56.197956,319,173,182737.0
2026-09-05-20-30-56.233772,319,173,182731.5
2026-09-05-20-30-56.264850,319,173,182731.5
2026-09-05-20-30-56.301708,319,173,182629.0
2026-09-05-20-30-56.338367,319,173,182629.0
2026-09-05-20-30-56.370677,319,174,181929.5
2026-09-05-20-30-56.401049,319,174,181929.5
2026-09-05-20-30-56.428000,319,174,181753.5
2026-09-05-20-30-56.468660,319,173,182534.5
2026-09-05-20-30-56.503541,319,173,182534.5
2026-09-05-20-30-56.535627,319,174,181160.5
2026-09-05-20-30-56.571771,319,174,181160.5
2026-09-05-20-30-56.605126,319,174,180915.5
2026-09-05-20-30-56.631624,319,174,180915.5
2026-09-05-20-30-56.671768,315,212,219129.5
2026-09-05-20-30-56.703212,315,212,219129.5
2026-09-05-20-30-56.740561,319,174,180144.5
2026-09-05-20-30-56.771967,319,174,180144.5
2026-09-05-20-30-56.809298,315,210,219604.0
2026-09-05-20-30-56.842658,315,210,219599.0
2026-09-05-20-30-56.877446,315,210,219599.0
2026-09-05-20-30-56.908463,315,210,219457.0
2026-09-05-20-30-56.946038,315,210,219457.0
2026-09-05-20-30-56.978323,319,173,181048.5
2026-09-05-20-30-57.010253,319,173,181048.5
2026-09-05-20-30-57.047566,315,210,219271.5
2026-09-05-20-30-57.092563,316,212,217691.5
2026-09-05-20-30-57.156869,316,212,218548.0
2026-09-05-20-30-57.182471,316,212,218548.0
2026-09-05-20-30-57.221685,320,174,179705.5
2026-09-05-20-30-57.255042,320,174,179705.5
2026-09-05-20-30-57.287569,316,212,218506.0
2026-09-05-20-30-57.320652,316,212,218506.0
2026-09-05-20-30-57.350426,316,212,218534.0
2026-09-05-20-30-57.388330,316,212,218754.0
2026-09-05-20-30-57.420867,316,212,218754.0
2026-09-05-20-30-57.457923,316,212,218601.0
2026-09-05-20-30-57.487353,316,212,218601.0
2026-09-05-20-30-57.523789,316,212,218311.0
2026-09-05-20-30-57.555575,316,212,218311.0
2026-09-05-20-30-57.581352,316,212,218859.5
2026-09-05-20-30-57.623622,316,212,218859.5
2026-09-05-20-30-57.654989,316,211,218512.5
2026-09-05-20-30-57.691485,319,174,180587.5
2026-09-05-20-30-57.722648,319,174,180587.5
2026-09-05-20-30-57.767510,315,211,219524.0
2026-09-05-20-30-57.783289,315,211,219524.0
2026-09-05-20-30-57.823606,319,173,181577.0
2026-09-05-20-30-57.861147,319,173,181577.0
2026-09-05-20-30-57.892134,319,173,182147.0
2026-09-05-20-30-57.927837,319,173,182147.0
2026-09-05-20-30-57.959461,318,172,180399.0
2026-09-05-20-30-58.003199,315,210,218327.0
2026-09-05-20-30-58.029839,315,210,218327.0
2026-09-05-20-30-58.069232,319,172,183312.5
2026-09-05-20-30-58.095661,319,172,183312.5
2026-09-05-20-30-58.128104,318,172,180903.0
2026-09-05-20-30-58.169679,318,172,180903.0
2026-09-05-20-30-58.196655,318,173,183389.0
2026-09-05-20-30-58.233552,318,173,183389.0
2026-09-05-20-30-58.264675,315,210,222060.5
2026-09-05-20-30-58.304905,315,210,222060.5
2026-09-05-20-30-58.335173,318,173,183567.5
2026-09-05-20-30-58.365697,318,173,183567.5
2026-09-05-20-30-58.404864,316,211,221486.0
2026-09-05-20-30-58.438221,318,173,183188.0
2026-09-05-20-30-58.470325,318,173,183188.0
2026-09-05-20-30-58.503437,315,211,221488.0
2026-09-05-20-30-58.534279,315,211,221488.0
2026-09-05-20-30-58.571405,315,210,222117.0
2026-09-05-20-30-58.602904,315,210,222117.0
2026-09-05-20-30-58.633885,316,211,221662.5
2026-09-05-20-30-58.673306,316,211,221483.0
2026-09-05-20-30-58.704824,316,211,221483.0
2026-09-05-20-30-58.741866,316,210,221871.0
2026-09-05-20-30-58.773417,316,210,221871.0
2026-09-05-20-30-58.804845,316,210,222709.5
2026-09-05-20-30-58.842742,316,210,222709.5
2026-09-05-20-30-58.882605,316,211,222824.0
2026-09-05-20-30-58.910970,316,211,222824.0
2026-09-05-20-30-58.944698,316,210,222868.0
2026-09-05-20-30-58.977640,315,210,222709.0
2026-09-05-20-30-59.012793,315,210,222709.0
2026-09-05-20-30-59.047337,315,210,222875.0
2026-09-05-20-30-59.078979,315,210,222875.0
2026-09-05-20-30-59.104640,315,210,222631.0
2026-09-05-20-30-59.138102,315,210,222631.0
2026-09-05-20-30-59.188123,315,211,221619.0
2026-09-05-20-30-59.218159,315,211,221940.0
2026-09-05-20-30-59.254413,315,211,221940.0
2026-09-05-20-30-59.282205,315,210,221637.5
2026-09-05-20-30-59.308123,315,210,221637.5
2026-09-05-20-30-59.351533,315,210,221950.0
2026-09-05-20-30-59.383331,315,210,221950.0
2026-09-05-20-30-59.421124,315,210,222116.0
2026-09-05-20-30-59.452700,315,210,222116.0
2026-09-05-20-30-59.487946,316,209,222805.0
2026-09-05-20-30-59.521313,316,209,222805.0
2026-09-05-20-30-59.555227,316,208,222891.0
2026-09-05-20-30-59.588898,316,208,222891.0
2026-09-05-20-30-59.620212,316,209,223016.0
2026-09-05-20-30-59.660186,316,208,222857.5
2026-09-05-20-30-59.691168,316,208,222857.5
2026-09-05-20-30-59.722100,317,207,220289.5
2026-09-05-20-30-59.754690,317,207,220289.5
2026-09-05-20-30-59.783253,318,172,188199.0
2026-09-05-20-30-59.823313,318,172,188199.0
2026-09-05-20-30-59.854895,317,207,220640.5
2026-09-05-20-30-59.895238,317,207,220640.5
2026-09-05-20-30-59.927235,318,172,188710.5
2026-09-05-20-30-59.960639,318,208,221515.0
2026-09-05-20-30-59.987995,318,208,221515.0
2026-09-05-20-31-00.027754,318,207,221463.0
2026-09-05-20-31-00.054649,318,207,221463.0
2026-09-05-20-31-00.088358,319,172,189191.0
2026-09-05-20-31-00.127700,319,172,189191.0
2026-09-05-20-31-00.156435,319,172,189394.0
2026-09-05-20-31-00.198394,319,172,189394.0
2026-09-05-20-31-00.230490,319,172,189394.0
2026-09-05-20-31-00.268914,319,172,189480.5
2026-09-05-20-31-00.300459,319,172,189480.5
2026-09-05-20-31-00.334769,319,172,189449.0
2026-09-05-20-31-00.368805,319,172,189449.0
2026-09-05-20-31-00.399239,319,208,222697.5
2026-09-05-20-31-00.437944,319,208,222697.5
2026-09-05-20-31-00.467702,319,172,189655.5
2026-09-05-20-31-00.504259,319,172,189712.5
2026-09-05-20-31-00.536883,319,172,189712.5
2026-09-05-20-31-00.571277,319,172,189829.5
2026-09-05-20-31-00.603273,319,172,189829.5
2026-09-05-20-31-00.631154,319,172,189814.0
2026-09-05-20-31-00.675286,319,172,189814.0
2026-09-05-20-31-00.706363,319,172,189819.0
2026-09-05-20-31-00.741926,319,172,189819.0
2026-09-05-20-31-00.773194,319,208,223184.0
2026-09-05-20-31-00.807462,319,208,223184.0
2026-09-05-20-31-00.846824,319,172,189864.5
2026-09-05-20-31-00.877351,319,208,223042.0
2026-09-05-20-31-00.907890,319,208,223042.0
2026-09-05-20-31-00.947068,319,172,189826.5
2026-09-05-20-31-00.978378,319,172,189826.5
2026-09-05-20-31-01.015137,319,172,189842.5
2026-09-05-20-31-01.047109,319,172,189842.5
2026-09-05-20-31-01.077759,319,172,189891.0
2026-09-05-20-31-01.124092,319,172,190049.0
2026-09-05-20-31-01.187703,318,207,220983.0
2026-09-05-20-31-01.204602,318,207,220983.0
2026-09-05-20-31-01.250465,318,206,220056.5
2026-09-05-20-31-01.282104,318,206,220056.5
2026-09-05-20-31-01.314988,319,172,189114.0
2026-09-05-20-31-01.349106,319,172,189114.0
2026-09-05-20-31-01.379878,319,172,189025.0
2026-09-05-20-31-01.426795,318,205,218786.5
2026-09-05-20-31-01.454495,318,205,218786.5
2026-09-05-20-31-01.496430,319,172,188713.5
2026-09-05-20-31-01.521153,319,172,188713.5
2026-09-05-20-31-01.553692,319,172,188750.5
2026-09-05-20-31-01.590901,319,172,188750.5
2026-09-05-20-31-01.623081,319,172,188858.0
2026-09-05-20-31-01.654460,319,172,188858.0
2026-09-05-20-31-01.687060,319,173,188788.0
2026-09-05-20-31-01.730064,319,173,189387.0
2026-09-05-20-31-01.767051,319,173,189387.0
2026-09-05-20-31-01.798321,318,174,187294.0
2026-09-05-20-31-01.831015,318,174,187294.0
2026-09-05-20-31-01.863024,316,209,220556.5
2026-09-05-20-31-01.895353,316,209,220556.5
2026-09-05-20-31-01.927005,315,207,221391.0
2026-09-05-20-31-01.963282,315,207,221391.0
2026-09-05-20-31-01.994752,315,208,222203.5
2026-09-05-20-31-02.037491,314,209,222097.0
2026-09-05-20-31-02.071016,314,209,222097.0
2026-09-05-20-31-02.101142,315,210,219814.5
2026-09-05-20-31-02.132744,315,210,219814.5
2026-09-05-20-31-02.165033,315,217,275886.5
2026-09-05-20-31-02.203650,315,217,275886.5
2026-09-05-20-31-02.233288,315,210,219017.5
2026-09-05-20-31-02.269794,315,210,219017.5
2026-09-05-20-31-02.304385,315,210,219735.0
2026-09-05-20-31-02.337691,315,210,219735.0
2026-09-05-20-31-02.371042,316,210,220312.5
2026-09-05-20-31-02.403960,316,220,278814.0
2026-09-05-20-31-02.437700,316,220,278814.0
2026-09-05-20-31-02.473716,316,218,277331.5
2026-09-05-20-31-02.506137,316,218,277331.5
2026-09-05-20-31-02.538379,316,219,277539.5
2026-09-05-20-31-02.566932,316,219,277539.5
2026-09-05-20-31-02.608337,318,212,224957.0
2026-09-05-20-31-02.639572,318,212,224957.0
2026-09-05-20-31-02.677587,318,212,225640.0
2026-09-05-20-31-02.707936,318,212,225784.5
2026-09-05-20-31-02.744569,318,212,225784.5
2026-09-05-20-31-02.776311,318,212,225338.5
2026-09-05-20-31-02.812797,318,212,225338.5
2026-09-05-20-31-02.844153,318,172,188197.5
2026-09-05-20-31-02.870916,318,172,188197.5
2026-09-05-20-31-02.916872,318,172,188447.0
2026-09-05-20-31-02.945794,318,172,188530.0
2026-09-05-20-31-02.986109,318,172,188530.0
2026-09-05-20-31-03.014909,317,210,224023.5
2026-09-05-20-31-03.046879,317,210,224023.5
2026-09-05-20-31-03.081612,318,211,225408.0
2026-09-05-20-31-03.107029,318,211,225408.0
2026-09-05-20-31-03.149241,317,220,279532.5
2026-09-05-20-31-03.184953,317,220,279532.5
2026-09-05-20-31-03.217586,318,212,226466.0
2026-09-05-20-31-03.253172,317,220,279573.5
2026-09-05-20-31-03.285878,317,220,279573.5
2026-09-05-20-31-03.318377,317,220,279811.0
2026-09-05-20-31-03.354247,317,220,279811.0
2026-09-05-20-31-03.388423,317,220,279569.5
2026-09-05-20-31-03.420133,317,220,279569.5
2026-09-05-20-31-03.460751,317,220,279622.0
2026-09-05-20-31-03.487537,317,220,279622.0
2026-09-05-20-31-03.524250,317,220,279798.5
2026-09-05-20-31-03.556891,317,220,279798.5
2026-09-05-20-31-03.588707,317,220,279554.0
2026-09-05-20-31-03.620879,317,220,279530.0
2026-09-05-20-31-03.654209,317,220,279530.0
2026-09-05-20-31-03.686803,317,220,279435.5
2026-09-05-20-31-03.723565,317,220,279435.5
2026-09-05-20-31-03.756005,317,220,279461.0
2026-09-05-20-31-03.795395,317,220,279461.0
2026-09-05-20-31-03.827297,317,220,279440.0
2026-09-05-20-31-03.854154,317,220,279440.0
2026-09-05-20-31-03.893982,317,220,279474.5
2026-09-05-20-31-03.931686,317,220,279474.5
2026-09-05-20-31-03.968803,317,220,279668.5
2026-09-05-20-31-04.004163,317,220,279664.0
2026-09-05-20-31-04.020799,317,220,279664.0
2026-09-05-20-31-04.064095,317,220,279657.0
2026-09-05-20-31-04.090167,317,220,279657.0
2026-09-05-20-31-04.123541,317,220,279780.5
2026-09-05-20-31-04.171375,317,220,279780.5
2026-09-05-20-31-04.198751,317,220,279759.0
2026-09-05-20-31-04.235805,317,220,279771.0
2026-09-05-20-31-04.268943,317,220,279771.0
2026-09-05-20-31-04.294739,317,220,279842.5
2026-09-05-20-31-04.337814,317,220,279842.5
2026-09-05-20-31-04.368749,317,220,279863.5
2026-09-05-20-31-04.404083,317,220,279863.5
2026-09-05-20-31-04.437435,317,220,279800.5
2026-09-05-20-31-04.467919,317,220,279800.5
2026-09-05-20-31-04.497665,317,220,279840.5
2026-09-05-20-31-04.534707,317,220,279865.5
2026-09-05-20-31-04.572834,317,220,279865.5
2026-09-05-20-31-04.598698,317,221,279915.0
2026-09-05-20-31-04.640212,317,221,279915.0
2026-09-05-20-31-04.676830,317,221,280103.5
2026-09-05-20-31-04.737404,317,221,280175.5
2026-09-05-20-31-04.803659,317,221,280145.5
2026-09-05-20-31-04.819650,317,221,280145.5
2026-09-05-20-31-04.862894,317,221,280088.0
2026-09-05-20-31-04.893954,317,221,280088.0
2026-09-05-20-31-04.920688,317,221,280051.5
2026-09-05-20-31-04.961911,317,221,280051.5
2026-09-05-20-31-04.990095,317,221,280037.5
2026-09-05-20-31-05.030324,317,221,280037.5
2026-09-05-20-31-05.056878,317,221,280033.0
2026-09-05-20-31-05.090104,317,221,280033.0
2026-09-05-20-31-05.137322,317,221,280056.5
2026-09-05-20-31-05.163919,317,221,280056.5
2026-09-05-20-31-05.199007,317,221,279956.0
2026-09-05-20-31-05.237336,317,221,279943.5
2026-09-05-20-31-05.270667,317,221,279943.5
2026-09-05-20-31-05.302644,317,221,279988.5
2026-09-05-20-31-05.333510,317,221,279988.5
2026-09-05-20-31-05.369250,317,221,279955.5
2026-09-05-20-31-05.397677,317,221,279955.5
2026-09-05-20-31-05.437282,317,221,279962.5
2026-09-05-20-31-05.462598,317,221,279976.0
2026-09-05-20-31-05.505754,317,221,279976.0
2026-09-05-20-31-05.538277,317,221,279975.5
2026-09-05-20-31-05.574675,317,221,279975.5
2026-09-05-20-31-05.605940,317,221,279985.5
2026-09-05-20-31-05.633381,317,221,279985.5
2026-09-05-20-31-05.674620,318,213,232780.0
2026-09-05-20-31-05.706643,319,213,232521.5
2026-09-05-20-31-05.743434,319,213,232521.5
2026-09-05-20-31-05.774577,319,213,232343.5
2026-09-05-20-31-05.814586,319,213,232343.5
2026-09-05-20-31-05.846556,319,212,232105.0
2026-09-05-20-31-05.878550,319,212,232105.0
2026-09-05-20-31-05.910547,319,213,234104.0
2026-09-05-20-31-05.949703,319,213,234104.0
2026-09-05-20-31-05.986860,317,221,279957.0
2026-09-05-20-31-06.018296,317,221,279957.0
2026-09-05-20-31-06.048963,319,213,232298.5
2026-09-05-20-31-06.080972,318,174,194235.0
2026-09-05-20-31-06.117232,318,174,194235.0
2026-09-05-20-31-06.149274,318,174,194294.0
2026-09-05-20-31-06.176676,318,174,194294.0
2026-09-05-20-31-06.217587,319,213,232520.0
2026-09-05-20-31-06.253870,319,213,232520.0
2026-09-05-20-31-06.286822,318,213,234179.0
2026-09-05-20-31-06.318845,318,213,234179.0
2026-09-05-20-31-06.345627,317,174,194342.0
2026-09-05-20-31-06.388841,317,174,194342.0
2026-09-05-20-31-06.420798,319,213,233007.5
2026-09-05-20-31-06.457267,319,213,233183.5
2026-09-05-20-31-06.489315,319,213,233183.5
2026-09-05-20-31-06.520832,319,213,233613.0
2026-09-05-20-31-06.553805,319,213,233613.0
2026-09-05-20-31-06.592557,318,214,235311.5
2026-09-05-20-31-06.624637,318,214,235311.5
2026-09-05-20-31-06.656614,318,174,195139.0
2026-09-05-20-31-06.692398,318,174,195139.0
2026-09-05-20-31-06.723325,318,174,195220.5
2026-09-05-20-31-06.761350,318,214,235889.5
2026-09-05-20-31-06.791257,318,214,235889.5
2026-09-05-20-31-06.823863,318,214,235979.0
2026-09-05-20-31-06.853764,318,214,235979.0
2026-09-05-20-31-06.899895,318,214,235980.5
2026-09-05-20-31-06.934459,318,214,235980.5
2026-09-05-20-31-06.966457,319,214,236385.0
2026-09-05-20-31-06.998424,319,214,234597.0
2026-09-05-20-31-07.030418,319,214,234597.0
2026-09-05-20-31-07.064164,319,214,236301.0
2026-09-05-20-31-07.089831,319,214,236301.0
2026-09-05-20-31-07.136673,320,214,234733.0
2026-09-05-20-31-07.168435,320,214,234733.0
2026-09-05-20-31-07.199137,319,214,236254.5
2026-09-05-20-31-07.236811,319,214,236254.5
2026-09-05-20-31-07.266982,319,214,236485.0
2026-09-05-20-31-07.305691,320,214,235374.5
2026-09-05-20-31-07.337049,320,214,235374.5
2026-09-05-20-31-07.371748,319,214,235795.5
2026-09-05-20-31-07.403692,319,214,235795.5
2026-09-05-20-31-07.436678,317,221,280568.0
2026-09-05-20-31-07.472473,317,221,280568.0
2026-09-05-20-31-07.503596,319,215,238328.5
2026-09-05-20-31-07.542359,319,215,238328.5
2026-09-05-20-31-07.573433,319,215,241008.0
2026-09-05-20-31-07.605517,319,215,241008.0
2026-09-05-20-31-07.637583,317,221,280602.0
2026-09-05-20-31-07.673900,317,221,280674.5
2026-09-05-20-31-07.709247,317,221,280674.5
2026-09-05-20-31-07.741089,317,221,280718.5
2026-09-05-20-31-07.776412,317,221,280718.5
2026-09-05-20-31-07.807007,317,221,280720.5
2026-09-05-20-31-07.846329,317,221,280720.5
2026-09-05-20-31-07.876396,317,221,280771.5
2026-09-05-20-31-07.920319,317,221,280770.5
2026-09-05-20-31-07.988834,317,221,280789.5
2026-09-05-20-31-08.018086,317,221,280789.5
2026-09-05-20-31-08.050167,317,221,280806.5
2026-09-05-20-31-08.086518,317,221,280806.5
2026-09-05-20-31-08.119478,317,221,280818.0
2026-09-05-20-31-08.152014,317,221,280818.0
2026-09-05-20-31-08.182320,317,221,280848.5
2026-09-05-20-31-08.223050,317,221,280839.0
2026-09-05-20-31-08.253609,317,221,280839.0
2026-09-05-20-31-08.288945,317,221,280824.0
2026-09-05-20-31-08.320268,317,221,280824.0
2026-09-05-20-31-08.352991,317,221,280845.0
2026-09-05-20-31-08.387474,317,221,280845.0
2026-09-05-20-31-08.418097,317,221,280822.0
2026-09-05-20-31-08.466275,317,221,280840.5
2026-09-05-20-31-08.501588,317,221,280840.5
2026-09-05-20-31-08.533811,317,221,280836.0
2026-09-05-20-31-08.565627,317,221,280836.0
2026-09-05-20-31-08.598240,317,221,280825.0
2026-09-05-20-31-08.629021,317,221,280825.0
2026-09-05-20-31-08.661011,317,221,280803.5
2026-09-05-20-31-08.695908,317,221,280803.5
2026-09-05-20-31-08.726763,317,221,280819.0
2026-09-05-20-31-08.765974,317,221,280819.0
2026-09-05-20-31-08.796980,317,221,280839.5
2026-09-05-20-31-08.832007,317,221,280795.0
2026-09-05-20-31-08.865578,317,221,280795.0
2026-09-05-20-31-08.896496,317,221,280816.0
2026-09-05-20-31-08.937771,317,221,280816.0
2026-09-05-20-31-08.966249,317,221,280812.0
2026-09-05-20-31-09.002376,317,221,280812.0
2026-09-05-20-31-09.037440,317,221,280796.0
2026-09-05-20-31-09.067214,317,221,280796.0
2026-09-05-20-31-09.104198,317,221,280794.0
2026-09-05-20-31-09.136828,317,221,280794.0
2026-09-05-20-31-09.170131,317,221,280808.0
2026-09-05-20-31-09.202782,317,221,280808.0
2026-09-05-20-31-09.231175,317,221,280794.0
2026-09-05-20-31-09.270331,317,221,280801.5
2026-09-05-20-31-09.308150,317,221,280801.5
2026-09-05-20-31-09.338660,317,221,280789.5
2026-09-05-20-31-09.375584,317,221,280789.5
2026-09-05-20-31-09.407709,317,221,280776.5
2026-09-05-20-31-09.446156,317,221,280776.5
2026-09-05-20-31-09.476155,317,221,280779.0
2026-09-05-20-31-09.508160,317,221,280789.0
2026-09-05-20-31-09.536748,317,221,280789.0
2026-09-05-20-31-09.576533,317,221,280784.0
2026-09-05-20-31-09.619437,317,221,280784.0
2026-09-05-20-31-09.653428,317,221,280782.5
2026-09-05-20-31-09.686116,317,221,280782.5
2026-09-05-20-31-09.718137,317,221,280771.0
2026-09-05-20-31-09.750151,317,221,280756.5
2026-09-05-20-31-09.782130,317,221,280756.5
2026-09-05-20-31-09.814551,317,221,280777.5
2026-09-05-20-31-09.840078,317,221,280777.5
2026-09-05-20-31-09.884107,317,221,280773.5
2026-09-05-20-31-09.915497,317,221,280773.5
2026-09-05-20-31-09.951928,317,221,280780.5
2026-09-05-20-31-09.984035,317,221,280780.5
2026-09-05-20-31-10.011259,317,221,280775.5
2026-09-05-20-31-10.053375,317,221,280765.5
2026-09-05-20-31-10.088152,317,221,280765.5
2026-09-05-20-31-10.118094,317,221,280783.0
2026-09-05-20-31-10.150087,317,221,280783.0
2026-09-05-20-31-10.188650,319,215,240376.5
2026-09-05-20-31-10.220020,319,215,240376.5
2026-09-05-20-31-10.257327,319,174,197857.5
2026-09-05-20-31-10.288771,319,174,197857.5
2026-09-05-20-31-10.325561,319,174,194914.5
2026-09-05-20-31-10.357248,319,174,194914.5
2026-09-05-20-31-10.390814,321,172,187744.5
2026-09-05-20-31-10.427874,321,172,187744.5
2026-09-05-20-31-10.466204,319,173,198703.5
2026-09-05-20-31-10.492856,311,160,137719.5
2026-09-05-20-31-10.526010,311,160,137719.5
2026-09-05-20-31-10.552482,313,193,192440.5
2026-09-05-20-31-10.601979,313,193,192440.5
2026-09-05-20-31-10.633813,291,182,177736.0
2026-09-05-20-31-10.663326,291,182,177736.0
2026-09-05-20-31-10.689449,316,166,166369.5
2026-09-05-20-31-10.731047,316,166,166369.5
2026-09-05-20-31-10.765434,317,147,163455.0
2026-09-05-20-31-10.798754,311,155,177699.5
2026-09-05-20-31-10.835569,311,155,177699.5
2026-09-05-20-31-10.867880,310,168,204156.5
2026-09-05-20-31-10.902001,310,168,204156.5
2026-09-05-20-31-10.926514,314,192,244904.0
2026-09-05-20-31-10.965614,314,192,244904.0
2026-09-05-20-31-11.003255,295,230,248644.0
2026-09-05-20-31-11.036977,288,230,236628.0
2026-09-05-20-31-11.069176,288,230,236628.0
2026-09-05-20-31-11.101967,282,194,193662.0
2026-09-05-20-31-11.136517,282,194,193662.0
2026-09-05-20-31-11.168219,161,217,131598.0
2026-09-05-20-31-11.206279,161,217,131598.0
2026-09-05-20-31-11.237935,164,218,132226.0
2026-09-05-20-31-11.269420,169,218,132397.5
2026-09-05-20-31-11.315003,169,218,132397.5
2026-09-05-20-31-11.340908,175,219,133640.0
2026-09-05-20-31-11.375886,175,219,133640.0
2026-09-05-20-31-11.405574,186,213,129452.0
2026-09-05-20-31-11.441536,186,213,129452.0
2026-09-05-20-31-11.469831,188,217,126353.0
2026-09-05-20-31-11.536710,187,218,123975.0
2026-09-05-20-31-11.562720,187,218,123975.0
2026-09-05-20-31-11.605080,185,219,120113.0
2026-09-05-20-31-11.651768,182,217,115490.0
2026-09-05-20-31-11.668657,182,217,115490.0
2026-09-05-20-31-11.715984,178,219,112250.5
2026-09-05-20-31-11.742376,178,219,112250.5
2026-09-05-20-31-11.769790,168,224,104525.5
2026-09-05-20-31-11.813617,168,224,104525.5
2026-09-05-20-31-11.845300,164,232,106263.5
2026-09-05-20-31-11.886037,164,232,106263.5
2026-09-05-20-31-11.913676,324,209,191668.5
2026-09-05-20-31-11.953128,324,209,191668.5
2026-09-05-20-31-11.985003,328,216,208041.5
2026-09-05-20-31-12.015781,317,212,267742.5
2026-09-05-20-31-12.052233,317,212,267742.5
2026-09-05-20-31-12.085870,317,216,273239.5
2026-09-05-20-31-12.117452,317,216,273239.5
2026-09-05-20-31-12.149858,316,212,267248.0
2026-09-05-20-31-12.186069,316,212,267248.0
2026-09-05-20-31-12.217487,316,212,266509.0
2026-09-05-20-31-12.259189,316,217,275652.0
2026-09-05-20-31-12.288428,316,217,275652.0
2026-09-05-20-31-12.320660,316,218,276669.5
2026-09-05-20-31-12.352222,316,218,276669.5
2026-09-05-20-31-12.389325,317,221,280768.0
2026-09-05-20-31-12.421507,317,221,280768.0
2026-09-05-20-31-12.453036,317,222,282610.5
2026-09-05-20-31-12.489182,317,222,282489.5
2026-09-05-20-31-12.519677,317,222,282489.5
2026-09-05-20-31-12.565810,317,223,283283.5
2026-09-05-20-31-12.591673,317,223,283283.5
2026-09-05-20-31-12.623754,317,223,283251.5
2026-09-05-20-31-12.656380,317,223,283251.5
2026-09-05-20-31-12.686370,317,223,283827.5
2026-09-05-20-31-12.721009,317,223,283827.5
2026-09-05-20-31-12.761734,317,225,286662.0
2026-09-05-20-31-12.785518,317,225,286662.0
2026-09-05-20-31-12.828936,317,225,286161.0
2026-09-05-20-31-12.867483,317,225,286695.5
2026-09-05-20-31-12.893702,317,225,286695.5
2026-09-05-20-31-12.933768,317,226,287013.0
2026-09-05-20-31-12.962071,317,226,287013.0
2026-09-05-20-31-12.989080,316,225,286582.0
2026-09-05-20-31-13.034045,316,225,286582.0
2026-09-05-20-31-13.063986,316,225,286750.0
2026-09-05-20-31-13.100292,316,225,286750.0
2026-09-05-20-31-13.134868,316,225,286754.5
2026-09-05-20-31-13.165825,316,225,286754.5
2026-09-05-20-31-13.202966,314,226,287638.5
2026-09-05-20-31-13.235642,314,225,286703.5
2026-09-05-20-31-13.269831,314,225,286703.5
2026-09-05-20-31-13.301606,313,225,286331.0
2026-09-05-20-31-13.338239,313,225,286331.0
2026-09-05-20-31-13.369794,314,225,286574.5
2026-09-05-20-31-13.399374,314,225,286574.5
2026-09-05-20-31-13.439050,314,225,286001.0
2026-09-05-20-31-13.466511,314,225,286001.0
2026-09-05-20-31-13.501598,314,226,286794.5
2026-09-05-20-31-13.535761,315,226,286965.0
2026-09-05-20-31-13.570095,315,226,286965.0
2026-09-05-20-31-13.607686,315,226,286882.5
2026-09-05-20-31-13.639481,315,226,286882.5
2026-09-05-20-31-13.675795,315,226,286957.5
2026-09-05-20-31-13.706180,315,226,286957.5
2026-09-05-20-31-13.739119,315,226,287616.5
2026-09-05-20-31-13.771007,315,227,288207.0
2026-09-05-20-31-13.804977,315,227,288207.0
2026-09-05-20-31-13.838937,315,226,287681.5
2026-09-05-20-31-13.880935,315,226,287681.5
2026-09-05-20-31-13.902630,315,226,287535.5
2026-09-05-20-31-13.939578,315,226,287535.5
2026-09-05-20-31-13.975982,315,227,288542.0
2026-09-05-20-31-14.016334,315,227,288542.0
2026-09-05-20-31-14.041927,315,227,288931.5
2026-09-05-20-31-14.075610,315,227,289248.0
2026-09-05-20-31-14.108355,315,227,289248.0
2026-09-05-20-31-14.143197,315,227,289239.5
2026-09-05-20-31-14.182023,315,227,289239.5
2026-09-05-20-31-14.211517,315,227,289226.0
2026-09-05-20-31-14.244863,315,227,289226.0
2026-09-05-20-31-14.280443,315,227,289345.5
2026-09-05-20-31-14.312138,315,227,289345.5
2026-09-05-20-31-14.348217,315,227,289502.5
2026-09-05-20-31-14.380020,315,227,289502.5
2026-09-05-20-31-14.416619,315,226,287412.5
2026-09-05-20-31-14.451110,315,225,286388.5
2026-09-05-20-31-14.491435,315,225,286388.5
2026-09-05-20-31-14.522164,315,225,286126.0
2026-09-05-20-31-14.547353,315,225,286126.0
2026-09-05-20-31-14.587509,315,225,286065.0
2026-09-05-20-31-14.613550,315,225,286065.0
2026-09-05-20-31-14.654269,315,225,285992.5
2026-09-05-20-31-14.687630,315,225,285992.5
2026-09-05-20-31-14.718665,315,225,285904.5
2026-09-05-20-31-14.755823,315,225,285904.5
2026-09-05-20-31-14.788790,315,225,285973.5
2026-09-05-20-31-14.821419,315,225,285906.5
